site,page_content,device,run,tested_url,fetch_time_utc,lighthouse_version,score,fcp_ms,lcp_ms,tbt_ms,cls,speed_index_ms
Docs7,Collapsible content,desktop,1,https://upstash-context7.docs7.io/docs/docs7/components/accordions,2026-09-17T09:06:33.556Z,13.4.1,94,321.010024516517,561.020049033034,191.99832924724717,0.0003802657627045801,460.32957545891156
Docs7,Collapsible content,desktop,2,https://upstash-context7.docs7.io/docs/docs7/components/accordions,2026-09-17T09:09:49.587Z,13.4.1,96,321.01050613741813,601.0227632977393,155.99912448854843,0.0003802657627045801,467.79507089121194
Docs7,Collapsible content,desktop,3,https://upstash-context7.docs7.io/docs/docs7/components/accordions,2026-09-17T09:10:44.845Z,13.4.1,98,321.0149397617273,661.0361044241743,114.4975100397121,0.0003802657627045801,600.7540755087934
Docs7,Collapsible content,desktop,4,https://upstash-context7.docs7.io/docs/docs7/components/accordions,2026-09-17T10:45:47.593Z,13.4.1,98,321.00703719937064,661.0170065651457,131.99824070015734,0.0003802657627045801,470.6762422430773
Docs7,Collapsible content,desktop,5,https://upstash-context7.docs7.io/docs/docs7/components/accordions,2026-09-17T10:52:38.588Z,13.4.1,98,321.0114701638904,661.027719562735,119.9990441530091,0.0003802657627045801,577.6315076440767
Docs7,Collapsible content,desktop,6,https://upstash-context7.docs7.io/docs/docs7/components/accordions,2026-09-17T10:56:01.510Z,13.4.1,96,321.0106265469333,601.0230241850221,150.99911445442228,0.001589500170567331,507.1909425459062
Docs7,Collapsible content,desktop,7,https://upstash-context7.docs7.io/docs/docs7/components/accordions,2026-09-17T11:01:07.788Z,13.4.1,93,321.01050668135815,561.0210133627163,210.99824888644025,0.0003802657627045801,436.9522681234477
Docs7,Collapsible content,desktop,8,https://upstash-context7.docs7.io/docs/docs7/components/accordions,2026-09-17T11:04:26.016Z,13.4.1,95,321.01349476027235,534.0247403938326,189.99775087328794,0.0003802657627045801,490.0395410467503
Docs7,Collapsible content,desktop,9,https://upstash-context7.docs7.io/docs/docs7/components/accordions,2026-09-17T11:09:39.927Z,13.4.1,89,321.00954389340586,561.0190877868118,277.5,0.0003802657627045801,474.66476939369034
Docs7,Collapsible content,desktop,10,https://upstash-context7.docs7.io/docs/docs7/components/accordions,2026-09-17T11:13:04.487Z,13.4.1,100,321.00800044414655,561.0160008882931,46.5,0.0003802657627045801,424.14488136106934
Mintlify,Collapsible content,desktop,1,https://context7.mintlify.dev/docs/docs7/components/accordions,2026-09-17T09:06:31.821Z,13.4.1,96,461.7029032783621,1022.0241308071791,127,0.017284611066193556,835.2819712868259
Mintlify,Collapsible content,desktop,2,https://context7.mintlify.dev/docs/docs7/components/accordions,2026-09-17T09:09:37.944Z,13.4.1,89,480.1717278929556,862.019326724437,269.4980177718529,0.01700899932937044,934.5307762650725
Mintlify,Collapsible content,desktop,3,https://context7.mintlify.dev/docs/docs7/components/accordions,2026-09-17T09:10:38.541Z,13.4.1,95,489.5615864132942,1405.5259920476385,102.99999999999977,0.01735457500978188,960.3081824477608
Mintlify,Collapsible content,desktop,4,https://context7.mintlify.dev/docs/docs7/components/accordions,2026-09-17T10:45:46.669Z,13.4.1,97,469.7831146331388,1062.0603546802272,101.50000000000023,0.01700899932937044,945.9350541031065
Mintlify,Collapsible content,desktop,5,https://context7.mintlify.dev/docs/docs7/components/accordions,2026-09-17T10:52:37.261Z,13.4.1,98,460.70479242504837,962.0343056918907,98.99766097555289,0.017397964473645333,797.8062603626038
Mintlify,Collapsible content,desktop,6,https://context7.mintlify.dev/docs/docs7/components/accordions,2026-09-17T10:55:57.994Z,13.4.1,98,464.8992263009161,942.0325704867853,90.00000000000023,0.01700899932937044,786.8128619890108
Mintlify,Collapsible content,desktop,7,https://context7.mintlify.dev/docs/docs7/components/accordions,2026-09-17T11:01:03.920Z,13.4.1,84,489.70885985631537,1022.0242286228363,328.4979379895458,0.01700899932937044,933.8525910518722
Mintlify,Collapsible content,desktop,8,https://context7.mintlify.dev/docs/docs7/components/accordions,2026-09-17T11:04:24.722Z,13.4.1,98,459.3079215171417,1102.0262055138783,68.00000000000023,0.01909459697013922,861.0972188652318
Mintlify,Collapsible content,desktop,9,https://context7.mintlify.dev/docs/docs7/components/accordions,2026-09-17T11:09:37.713Z,13.4.1,90,477.71655868759547,822,0,0,6117.050378756617
Mintlify,Collapsible content,desktop,10,https://context7.mintlify.dev/docs/docs7/components/accordions,2026-09-17T11:13:04.702Z,13.4.1,87,466.8304208828795,1022.023279483704,286.49999999999966,0.01700899932937044,976.4422793429426
Docs7,Collapsible content,mobile,1,https://upstash-context7.docs7.io/docs/docs7/components/accordions,2026-09-17T09:06:28.222Z,13.4.1,90,1201.0100964008607,2714.026923735628,299.5,0,1881.4869730724017
Docs7,Collapsible content,mobile,2,https://upstash-context7.docs7.io/docs/docs7/components/accordions,2026-09-17T09:09:35.442Z,13.4.1,92,1201.0075188468404,3151.0238096816606,135.5,0,1716.53351685986
Docs7,Collapsible content,mobile,3,https://upstash-context7.docs7.io/docs/docs7/components/accordions,2026-09-17T09:10:37.403Z,13.4.1,68,2107.0160009129677,7270.680141566686,198,0,4806.104084802115
Docs7,Collapsible content,mobile,4,https://upstash-context7.docs7.io/docs/docs7/components/accordions,2026-09-17T10:45:45.586Z,13.4.1,90,1202.0075195487443,3152.0238119043565,195,0,1895.114155899188
Docs7,Collapsible content,mobile,5,https://upstash-context7.docs7.io/docs/docs7/components/accordions,2026-09-17T10:52:32.264Z,13.4.1,90,1201.01098745969,3001.0329623790703,248,0,1710.6931755289038
Docs7,Collapsible content,mobile,6,https://upstash-context7.docs7.io/docs/docs7/components/accordions,2026-09-17T10:55:57.709Z,13.4.1,89,1201.012050144448,3001.0361504333446,232.99999999999955,0,3285.1157884913428
Docs7,Collapsible content,mobile,7,https://upstash-context7.docs7.io/docs/docs7/components/accordions,2026-09-17T11:01:02.762Z,13.4.1,92,1201.0154213174478,3151.0488341719174,125.9987148902128,0,1796.8839169768721
Docs7,Collapsible content,mobile,8,https://upstash-context7.docs7.io/docs/docs7/components/accordions,2026-09-17T11:04:22.812Z,13.4.1,71,1201.0075187816296,7355.98147779619,252.5,0,3037.604495928561
Docs7,Collapsible content,mobile,9,https://upstash-context7.docs7.io/docs/docs7/components/accordions,2026-09-17T11:09:36.991Z,13.4.1,93,1201.010989527765,3151.0348001712573,44.5,0,2086.144513445863
Docs7,Collapsible content,mobile,10,https://upstash-context7.docs7.io/docs/docs7/components/accordions,2026-09-17T11:13:03.308Z,13.4.1,88,1201.049120724198,3301.1637357473273,227.99590660631657,0,1759.2135589446407
Mintlify,Collapsible content,mobile,1,https://context7.mintlify.dev/docs/docs7/components/accordions,2026-09-17T09:06:27.606Z,13.4.1,62,1711.9288529521211,7577.041192122074,421,0,4524.742497217076
Mintlify,Collapsible content,mobile,2,https://context7.mintlify.dev/docs/docs7/components/accordions,2026-09-17T09:09:33.451Z,13.4.1,93,1701.326299823952,2927.018749809999,112,0,2805.905366798832
Mintlify,Collapsible content,mobile,3,https://context7.mintlify.dev/docs/docs7/components/accordions,2026-09-17T09:10:37.214Z,13.4.1,73,1680.7838530580332,4726.029276792913,369,0,2242.1439534948368
Mintlify,Collapsible content,mobile,4,https://context7.mintlify.dev/docs/docs7/components/accordions,2026-09-17T10:45:44.161Z,13.4.1,82,1670.9837400132462,4577.0280189421155,105.5,0,2606.2470641498694
Mintlify,Collapsible content,mobile,5,https://context7.mintlify.dev/docs/docs7/components/accordions,2026-09-17T10:52:32.125Z,13.4.1,77,1683.6290150735367,4727.0303792094965,256.5,0,2709.3960876923784
Mintlify,Collapsible content,mobile,6,https://context7.mintlify.dev/docs/docs7/components/accordions,2026-09-17T10:55:53.810Z,13.4.1,57,3008.015636131431,11815.9261597069,327,0,6124.723257210335
Mintlify,Collapsible content,mobile,7,https://context7.mintlify.dev/docs/docs7/components/accordions,2026-09-17T11:00:58.216Z,13.4.1,77,1674.7436502837656,4877.028862168558,221,0,2637.501630875936
Mintlify,Collapsible content,mobile,8,https://context7.mintlify.dev/docs/docs7/components/accordions,2026-09-17T11:04:21.259Z,13.4.1,63,3006.0199440572387,11607.913077848007,149,0,6010.229053334469
Mintlify,Collapsible content,mobile,9,https://context7.mintlify.dev/docs/docs7/components/accordions,2026-09-17T11:09:32.595Z,13.4.1,76,1680.7149299013893,4727.036350942119,282.5,0,2343.6375230544636
Mintlify,Collapsible content,mobile,10,https://context7.mintlify.dev/docs/docs7/components/accordions,2026-09-17T11:13:02.624Z,13.4.1,62,3006.0221804501243,11703.021011885638,169,0,6474.229750783012
Docs7,Tabbed setup guide,desktop,1,https://upstash-context7.docs7.io/docs/howto/claiming-libraries,2026-09-17T08:59:43.871Z,13.4.1,99,321.0021522439166,521.0039457805137,88.99982064634025,0.016674733919440292,421.12995776102605
Docs7,Tabbed setup guide,desktop,2,https://upstash-context7.docs7.io/docs/howto/claiming-libraries,2026-09-17T09:01:05.877Z,13.4.1,93,321.0027092885068,561.0054185770136,222.99909690383112,0.0003802657627045801,542.3927557558259
Docs7,Tabbed setup guide,desktop,3,https://upstash-context7.docs7.io/docs/howto/claiming-libraries,2026-09-17T09:03:45.256Z,13.4.1,94,321.0027076491674,581.0056409357654,192.9993230877081,0.0003802657627045801,500.09486689921073
Docs7,Tabbed setup guide,desktop,4,https://upstash-context7.docs7.io/docs/howto/claiming-libraries,2026-09-17T10:46:49.995Z,13.4.1,100,321.0021512893667,641.005019675189,57,0.0003802657627045801,448.3739398531626
Docs7,Tabbed setup guide,desktop,5,https://upstash-context7.docs7.io/docs/howto/claiming-libraries,2026-09-17T10:51:35.403Z,13.4.1,86,321.0037461888731,561.0074923777463,333.9993756351878,0.0003802657627045801,656.6055949454467
Docs7,Tabbed setup guide,desktop,6,https://upstash-context7.docs7.io/docs/howto/claiming-libraries,2026-09-17T10:57:06.474Z,13.4.1,99,321.002632769158,641.0061431280352,88.9993418077106,0.0003802657627045801,432.5785111584566
Docs7,Tabbed setup guide,desktop,7,https://upstash-context7.docs7.io/docs/howto/claiming-libraries,2026-09-17T11:00:05.400Z,13.4.1,98,321.00167792406864,521.0030761941259,125.9998601729942,0.0003802657627045801,490.56375585162357
Docs7,Tabbed setup guide,desktop,8,https://upstash-context7.docs7.io/docs/howto/claiming-libraries,2026-09-17T11:05:26.723Z,13.4.1,97,321.0007067158143,701.0018256825203,145.5,0.0003802657627045801,644.5147604232782
Docs7,Tabbed setup guide,desktop,9,https://upstash-context7.docs7.io/docs/howto/claiming-libraries,2026-09-17T11:08:35.702Z,13.4.1,100,321.00318944620494,561.0063788924101,65.99973421281629,0.0003802657627045801,524.7966616058758
Docs7,Tabbed setup guide,desktop,10,https://upstash-context7.docs7.io/docs/howto/claiming-libraries,2026-09-17T11:14:14.041Z,13.4.1,96,321.0042278797948,661.0102173761709,161.99859070673506,0.0003802657627045801,498.46120628169825
Mintlify,Tabbed setup guide,desktop,1,https://context7.mintlify.dev/docs/howto/claiming-libraries,2026-09-17T08:59:38.442Z,13.4.1,87,510.930833418013,1142.0152821181482,275.50000000000136,0.03881156921049263,1029.3191627069016
Mintlify,Tabbed setup guide,desktop,2,https://context7.mintlify.dev/docs/howto/claiming-libraries,2026-09-17T09:01:06.369Z,13.4.1,84,510.9919939268512,1162.0155995229145,307.5000000000018,0.03881156921049263,1072.0226958571152
Mintlify,Tabbed setup guide,desktop,3,https://context7.mintlify.dev/docs/howto/claiming-libraries,2026-09-17T09:03:43.896Z,13.4.1,94,502.06580221636517,1222.025059330086,133.49296580208124,0.03881156921049263,1091.977980156279
Mintlify,Tabbed setup guide,desktop,4,https://context7.mintlify.dev/docs/howto/claiming-libraries,2026-09-17T10:46:48.997Z,13.4.1,98,529.708858691704,1161,0,0,529.708858691704
Mintlify,Tabbed setup guide,desktop,5,https://context7.mintlify.dev/docs/howto/claiming-libraries,2026-09-17T10:51:28.907Z,13.4.1,84,508.700623090069,1222.015906471845,306.5000000000009,0.03881156921049263,998.5456757136049
Mintlify,Tabbed setup guide,desktop,6,https://context7.mintlify.dev/docs/howto/claiming-libraries,2026-09-17T10:57:05.866Z,13.4.1,95,501.5738755957566,1242.0172826961234,123.49493438217064,0.03881156921049263,1031.649965076672
Mintlify,Tabbed setup guide,desktop,7,https://context7.mintlify.dev/docs/howto/claiming-libraries,2026-09-17T11:00:04.281Z,13.4.1,94,507.88191352479134,1422.0199505540281,111.99999999999932,0.03908718094731574,999.1891455131706
Mintlify,Tabbed setup guide,desktop,8,https://context7.mintlify.dev/docs/howto/claiming-libraries,2026-09-17T11:05:24.658Z,13.4.1,92,507.6603093770342,1202.0268669231514,184.00000000000045,0.03881156921049263,1037.6818119803806
Mintlify,Tabbed setup guide,desktop,9,https://context7.mintlify.dev/docs/howto/claiming-libraries,2026-09-17T11:08:35.890Z,13.4.1,85,506.45483965558554,1222.0182185690535,293.4999999999991,0.03881156921049263,1085.563288076759
Mintlify,Tabbed setup guide,desktop,10,https://context7.mintlify.dev/docs/howto/claiming-libraries,2026-09-17T11:14:13.135Z,13.4.1,95,506.8926265852162,1382.0378994606658,90.49125397061653,0.03881156921049263,1022.9948234571641
Docs7,Tabbed setup guide,mobile,1,https://upstash-context7.docs7.io/docs/howto/claiming-libraries,2026-09-17T08:59:32.257Z,13.4.1,92,1201.0021523850573,2701.0057396934862,224.5,0,1809.8059253628219
Docs7,Tabbed setup guide,mobile,2,https://upstash-context7.docs7.io/docs/howto/claiming-libraries,2026-09-17T09:00:51.437Z,13.4.1,95,1201.0021522207753,2851.0060979588634,74,0,1509.2027772592917
Docs7,Tabbed setup guide,mobile,3,https://upstash-context7.docs7.io/docs/howto/claiming-libraries,2026-09-17T09:03:40.934Z,13.4.1,90,1201.0037460440108,2401.0087407693577,336.5,0,1692.8279968305073
Docs7,Tabbed setup guide,mobile,4,https://upstash-context7.docs7.io/docs/howto/claiming-libraries,2026-09-17T10:46:47.669Z,13.4.1,97,1201.0027076128918,2551.0067690322294,90,0,1854.989391021739
Docs7,Tabbed setup guide,mobile,5,https://upstash-context7.docs7.io/docs/howto/claiming-libraries,2026-09-17T10:51:26.059Z,13.4.1,96,1201.0027083196192,2551.0067707990484,131,0,1620.1276508523572
Docs7,Tabbed setup guide,mobile,6,https://upstash-context7.docs7.io/docs/howto/claiming-libraries,2026-09-17T10:56:59.380Z,13.4.1,62,1964.5058736201827,7565.154260199053,388.5,0,4796.294485656901
Docs7,Tabbed setup guide,mobile,7,https://upstash-context7.docs7.io/docs/howto/claiming-libraries,2026-09-17T10:59:57.654Z,13.4.1,67,1201.0022258646868,6691.205492895082,375,0,3136.630001214493
Docs7,Tabbed setup guide,mobile,8,https://upstash-context7.docs7.io/docs/howto/claiming-libraries,2026-09-17T11:05:22.902Z,13.4.1,69,1959.0030610110366,7194.914010692013,174,0,4551.731121953857
Docs7,Tabbed setup guide,mobile,9,https://upstash-context7.docs7.io/docs/howto/claiming-libraries,2026-09-17T11:08:36.092Z,13.4.1,93,1201.5016818142922,2851.5047651404957,167.5,0,1712.494998676531
Docs7,Tabbed setup guide,mobile,10,https://upstash-context7.docs7.io/docs/howto/claiming-libraries,2026-09-17T11:14:11.480Z,13.4.1,50,1965.075506440628,7353.0242071530365,937.5,0,4807.336270943667
Mintlify,Tabbed setup guide,mobile,1,https://context7.mintlify.dev/docs/howto/claiming-libraries,2026-09-17T08:59:31.657Z,13.4.1,68,1829.258466202548,8762.02388317803,156,0,5240.900125996293
Mintlify,Tabbed setup guide,mobile,2,https://context7.mintlify.dev/docs/howto/claiming-libraries,2026-09-17T09:00:52.655Z,13.4.1,61,3161.0290477550834,14477.144474360808,162,0,6345.201716177973
Mintlify,Tabbed setup guide,mobile,3,https://context7.mintlify.dev/docs/howto/claiming-libraries,2026-09-17T09:03:36.043Z,13.4.1,53,1839.112514255532,9263.5445262525,627.5000000000027,0,6083.732953033619
Mintlify,Tabbed setup guide,mobile,4,https://context7.mintlify.dev/docs/howto/claiming-libraries,2026-09-17T10:46:45.333Z,13.4.1,74,1822.3705229545553,6901,0,0,4003.2430091787346
Mintlify,Tabbed setup guide,mobile,5,https://context7.mintlify.dev/docs/howto/claiming-libraries,2026-09-17T10:51:24.743Z,13.4.1,53,1847.1648043558291,8665.040412503882,660.4999999999973,0,5786.425791409989
Mintlify,Tabbed setup guide,mobile,6,https://context7.mintlify.dev/docs/howto/claiming-libraries,2026-09-17T10:56:56.051Z,13.4.1,55,1837.8036244870875,11742.524742116933,578.4999999999982,0,5566.785008378171
Mintlify,Tabbed setup guide,mobile,7,https://context7.mintlify.dev/docs/howto/claiming-libraries,2026-09-17T10:59:56.103Z,13.4.1,68,1834.5324633576874,6002.019595262747,357.5,0,3427.2770414784304
Mintlify,Tabbed setup guide,mobile,8,https://context7.mintlify.dev/docs/howto/claiming-libraries,2026-09-17T11:05:22.489Z,13.4.1,68,1831.7018456412268,5702.023691510045,386.5,0,3430.6811675014696
Mintlify,Tabbed setup guide,mobile,9,https://context7.mintlify.dev/docs/howto/claiming-libraries,2026-09-17T11:08:34.553Z,13.4.1,60,3160.0098034480357,14402.048501269215,216,0,6335.706732635374
Mintlify,Tabbed setup guide,mobile,10,https://context7.mintlify.dev/docs/howto/claiming-libraries,2026-09-17T11:14:09.043Z,13.4.1,69,1833.2432064292084,5852.034827134694,339,0,2743.0851791342066
Docs7,Long CLI guide,desktop,1,https://upstash-context7.docs7.io/docs/clients/cli,2026-09-17T09:07:12.163Z,13.4.1,91,304.00201030006747,521.0055283251855,244.99974871249162,0.0003802657627045801,683.8585952474394
Docs7,Long CLI guide,desktop,2,https://upstash-context7.docs7.io/docs/clients/cli,2026-09-17T09:09:01.745Z,13.4.1,97,281.0017099893544,481.00341997870885,144.49982900106465,0.001589500170567331,609.6142230770472
Docs7,Long CLI guide,desktop,3,https://upstash-context7.docs7.io/docs/clients/cli,2026-09-17T09:11:41.739Z,13.4.1,85,281.001710296158,601.0044467700108,340.9999999999999,0.0003802657627045801,580.3514148997972
Docs7,Long CLI guide,desktop,4,https://upstash-context7.docs7.io/docs/clients/cli,2026-09-17T10:45:10.945Z,13.4.1,99,281.0029144633535,601.0075776047189,80.50000000000011,0.0003802657627045801,689.5587802921816
Docs7,Long CLI guide,desktop,5,https://upstash-context7.docs7.io/docs/clients/cli,2026-09-17T10:53:12.281Z,13.4.1,96,281.00663134814795,641.0185677748142,150.9986737303705,0.0003802657627045801,696.80269525813
Docs7,Long CLI guide,desktop,6,https://upstash-context7.docs7.io/docs/clients/cli,2026-09-17T10:55:30.774Z,13.4.1,98,281.0021117896179,601.0054906530067,122.99957764207636,0.0003802657627045801,495.5876036022968
Docs7,Long CLI guide,desktop,7,https://upstash-context7.docs7.io/docs/clients/cli,2026-09-17T11:01:34.419Z,13.4.1,96,304.00169213190236,482.00423032975596,156.99957696702438,0.0003802657627045801,516.0308078948482
Docs7,Long CLI guide,desktop,8,https://upstash-context7.docs7.io/docs/clients/cli,2026-09-17T11:03:51.845Z,13.4.1,86,281.00253963778255,541.0058411668999,336.00000000000006,0.0003802657627045801,485.35143957926823
Docs7,Long CLI guide,desktop,9,https://upstash-context7.docs7.io/docs/clients/cli,2026-09-17T11:10:10.468Z,13.4.1,92,282.0029405137783,642.0082334385792,223.9997059486222,0.0003802657627045801,544.3917303315543
Docs7,Long CLI guide,desktop,10,https://upstash-context7.docs7.io/docs/clients/cli,2026-09-17T11:12:36.630Z,13.4.1,96,281.0029229185362,561.0070150044869,174.49912312443917,0.0003802657627045801,484.2525790537136
Mintlify,Long CLI guide,desktop,1,https://context7.mintlify.dev/docs/clients/cli,2026-09-17T09:07:15.936Z,13.4.1,89,507.0320758409521,961,0,0.002719959033994979,6178.676625622053
Mintlify,Long CLI guide,desktop,2,https://context7.mintlify.dev/docs/clients/cli,2026-09-17T09:09:03.926Z,13.4.1,82,518.0523730580339,942.0140632379723,377.5,0.0002756117368231141,1004.150589141907
Mintlify,Long CLI guide,desktop,3,https://context7.mintlify.dev/docs/clients/cli,2026-09-17T09:11:44.277Z,13.4.1,75,516.0856487560357,882.0053479451063,573.0000000000006,0.0001466717881634331,1087.0099802439133
Mintlify,Long CLI guide,desktop,4,https://context7.mintlify.dev/docs/clients/cli,2026-09-17T10:45:14.070Z,13.4.1,87,513.2367398212846,962.0078128452162,288.5,0.0001466717881634331,1027.18347178582
Mintlify,Long CLI guide,desktop,5,https://context7.mintlify.dev/docs/clients/cli,2026-09-17T10:53:13.054Z,13.4.1,94,504.37678793589464,1022.0121594038324,164.50000000000045,0.0001466717881634331,1031.2200346242614
Mintlify,Long CLI guide,desktop,6,https://context7.mintlify.dev/docs/clients/cli,2026-09-17T10:55:30.736Z,13.4.1,88,508.63694755752715,942.5174942490298,260.00000000000045,0.0001466717881634331,1260.187750739763
Mintlify,Long CLI guide,desktop,7,https://context7.mintlify.dev/docs/clients/cli,2026-09-17T11:01:38.499Z,13.4.1,96,531.303000799636,1142.0419228732608,102.23813503586962,0.0001466717881634331,1072.7771216072344
Mintlify,Long CLI guide,desktop,8,https://context7.mintlify.dev/docs/clients/cli,2026-09-17T11:03:51.465Z,13.4.1,90,509.34293637126683,1022.0173962136364,236.49999999999966,0.0002756117368231141,1010.3343387107043
Mintlify,Long CLI guide,desktop,9,https://context7.mintlify.dev/docs/clients/cli,2026-09-17T11:10:16.855Z,13.4.1,79,514.4052348740213,902.0150728041713,441.49999999999955,0.0001466717881634331,1048.4338924888434
Mintlify,Long CLI guide,desktop,10,https://context7.mintlify.dev/docs/clients/cli,2026-09-17T11:12:38.149Z,13.4.1,89,506.9533884373274,1022.0101917706207,251.50000000000045,0.0001466717881634331,1164.5215295204207
Docs7,Long CLI guide,mobile,1,https://upstash-context7.docs7.io/docs/clients/cli,2026-09-17T09:07:06.763Z,13.4.1,94,1201.0497460984634,2926.1450927871856,124.5,0,1647.4651934955368
Docs7,Long CLI guide,mobile,2,https://upstash-context7.docs7.io/docs/clients/cli,2026-09-17T09:08:51.075Z,13.4.1,93,1201.002502662689,3151.0079250985154,33,0,1927.1269422570522
Docs7,Long CLI guide,mobile,3,https://upstash-context7.docs7.io/docs/clients/cli,2026-09-17T09:11:25.032Z,13.4.1,88,1201.0035284661008,3151.0111734759857,280,0,1700.60559131122
Docs7,Long CLI guide,mobile,4,https://upstash-context7.docs7.io/docs/clients/cli,2026-09-17T10:45:07.197Z,13.4.1,69,1959.0037049861653,7174.904328142502,173,0,4555.499584029556
Docs7,Long CLI guide,mobile,5,https://upstash-context7.docs7.io/docs/clients/cli,2026-09-17T10:53:00.491Z,13.4.1,91,1201.0025024849242,3151.007924535593,175,0,1696.5509921958246
Docs7,Long CLI guide,mobile,6,https://upstash-context7.docs7.io/docs/clients/cli,2026-09-17T10:55:23.347Z,13.4.1,63,1969.0082580751268,7376.042820040067,371,0,4482.70910475102
Docs7,Long CLI guide,mobile,7,https://upstash-context7.docs7.io/docs/clients/cli,2026-09-17T11:01:31.570Z,13.4.1,86,1201.0010670749298,2863.0030233789685,365,0,1878.5115000660003
Docs7,Long CLI guide,mobile,8,https://upstash-context7.docs7.io/docs/clients/cli,2026-09-17T11:03:38.918Z,13.4.1,95,1201.0034972717722,2701.00932605806,126,0,1725.815574941898
Docs7,Long CLI guide,mobile,9,https://upstash-context7.docs7.io/docs/clients/cli,2026-09-17T11:10:08.606Z,13.4.1,94,1201.003507554266,3001.0105226627984,21.00000000000091,0,1838.4782772730996
Docs7,Long CLI guide,mobile,10,https://upstash-context7.docs7.io/docs/clients/cli,2026-09-17T11:12:30.673Z,13.4.1,65,1964.0091761588835,7519.53926477326,314.5,0,4607.898471596747
Mintlify,Long CLI guide,mobile,1,https://context7.mintlify.dev/docs/clients/cli,2026-09-17T09:08:08.569Z,13.4.1,59,1864.7015028102537,11511.530361393108,421.5000000000018,0,5532.9578697908855
Mintlify,Long CLI guide,mobile,2,https://context7.mintlify.dev/docs/clients/cli,2026-09-17T09:09:00.224Z,13.4.1,54,1841.2026435582961,10407.026611112331,607.5000000000009,0,5277.647527474674
Mintlify,Long CLI guide,mobile,3,https://context7.mintlify.dev/docs/clients/cli,2026-09-17T09:11:36.411Z,13.4.1,58,1845.7036738159704,7603.047316301385,552.5,0,4316.7016529893735
Mintlify,Long CLI guide,mobile,4,https://context7.mintlify.dev/docs/clients/cli,2026-09-17T10:45:11.736Z,13.4.1,50,1858.704671206884,7867.640609312286,840,0,5561.278598314403
Mintlify,Long CLI guide,mobile,5,https://context7.mintlify.dev/docs/clients/cli,2026-09-17T10:53:10.573Z,13.4.1,54,3020.0078338729286,13863.750762338603,424,0,6244.74757591609
Mintlify,Long CLI guide,mobile,6,https://context7.mintlify.dev/docs/clients/cli,2026-09-17T10:55:25.045Z,13.4.1,50,1846.3330014834082,8052.038659329494,805.5000000000018,0,5738.188580670496
Mintlify,Long CLI guide,mobile,7,https://context7.mintlify.dev/docs/clients/cli,2026-09-17T11:01:32.621Z,13.4.1,54,1842.7527215139107,10910.045609965096,569,0,6035.676460682716
Mintlify,Long CLI guide,mobile,8,https://context7.mintlify.dev/docs/clients/cli,2026-09-17T11:03:44.179Z,13.4.1,55,3026.0105686440693,11481.529944491536,387.5,0,6368.698753671574
Mintlify,Long CLI guide,mobile,9,https://context7.mintlify.dev/docs/clients/cli,2026-09-17T11:10:09.941Z,13.4.1,53,1846.6759224640182,7979.035216192908,701.9999999999982,0,5371.368229453816
Mintlify,Long CLI guide,mobile,10,https://context7.mintlify.dev/docs/clients/cli,2026-09-17T11:12:32.732Z,13.4.1,58,1838.1642302287312,10668.529206897105,472,0,5471.405650767737
Docs7,Generated diagrams,desktop,1,https://upstash-context7.docs7.io/docs/docs7/components/mermaid,2026-09-17T08:59:55.326Z,13.4.1,99,321.0098693572902,661.0238509467847,84.9991775535592,0.004190769188526295,640.0998206705104
Docs7,Generated diagrams,desktop,2,https://upstash-context7.docs7.io/docs/docs7/components/mermaid,2026-09-17T09:15:41.002Z,13.4.1,98,321.0079416876804,661.0191924118942,112.99801457808013,0.003810503425821715,930.962322362577
Docs7,Generated diagrams,desktop,3,https://upstash-context7.docs7.io/docs/docs7/components/mermaid,2026-09-17T09:04:01.679Z,13.4.1,93,321.01283859712635,661.031026609722,201.49893011690608,0.004190769188526295,595.4438471881698
Docs7,Generated diagrams,desktop,4,https://upstash-context7.docs7.io/docs/docs7/components/mermaid,2026-09-17T10:46:40.074Z,13.4.1,86,321.01139158882313,681.0284789720577,324.49810140186304,0.003810503425821715,634.0194504593001
Docs7,Generated diagrams,desktop,5,https://upstash-context7.docs7.io/docs/docs7/components/mermaid,2026-09-17T10:51:44.213Z,13.4.1,84,321.01532348592787,653.033200886177,356.9974460856788,0.003810503425821715,635.0237870121946
Docs7,Generated diagrams,desktop,6,https://upstash-context7.docs7.io/docs/docs7/components/mermaid,2026-09-17T10:56:49.295Z,13.4.1,93,321.00842348666197,661.0203567594332,213.84424343098,0.004190769188526295,565.9287872215892
Docs7,Generated diagrams,desktop,7,https://upstash-context7.docs7.io/docs/docs7/components/mermaid,2026-09-17T11:00:12.638Z,13.4.1,90,321.01589060649746,561.031781212995,258.9973515655838,0.004190769188526295,621.1485393012953
Docs7,Generated diagrams,desktop,8,https://upstash-context7.docs7.io/docs/docs7/components/mermaid,2026-09-17T11:05:17.707Z,13.4.1,97,321.01331837017597,641.0310761970773,149.99778027163734,0.004190769188526295,557.3887350812395
Docs7,Generated diagrams,desktop,9,https://upstash-context7.docs7.io/docs/docs7/components/mermaid,2026-09-17T11:08:45.209Z,13.4.1,74,321.01484190946303,521.0272101673487,718.5000000000001,0.003810503425821715,876.9927000219812
Docs7,Generated diagrams,desktop,10,https://upstash-context7.docs7.io/docs/docs7/components/mermaid,2026-09-17T11:14:03.546Z,13.4.1,98,321.00938679420904,661.0226847526719,127.99843553429866,0.004190769188526295,636.1499491692558
Mintlify,Generated diagrams,desktop,1,https://context7.mintlify.dev/docs/docs7/components/mermaid,2026-09-17T08:59:59.008Z,13.4.1,81,496.70627023302916,901.040770469161,385.5,0.033410090124614135,1366.7116010885436
Mintlify,Generated diagrams,desktop,2,https://context7.mintlify.dev/docs/docs7/components/mermaid,2026-09-17T09:00:48.597Z,13.4.1,88,467.81314907310855,982.026721415488,265.50000000000045,0.033410090124614135,1192.9489077354597
Mintlify,Generated diagrams,desktop,3,https://context7.mintlify.dev/docs/docs7/components/mermaid,2026-09-17T09:04:08.236Z,13.4.1,97,460.17867298101345,941.0205127489868,111,0.033410090124614135,1121.8886873681377
Mintlify,Generated diagrams,desktop,4,https://context7.mintlify.dev/docs/docs7/components/mermaid,2026-09-17T10:48:07.993Z,13.4.1,96,461.85987952961034,1102.0473313257826,104.49999999999955,0.033685701861437246,1089.9694867232529
Mintlify,Generated diagrams,desktop,5,https://context7.mintlify.dev/docs/docs7/components/mermaid,2026-09-17T10:51:50.340Z,13.4.1,94,461.61680417715786,842.0181331575432,177,0.04038222004946602,1101.854294338817
Mintlify,Generated diagrams,desktop,6,https://context7.mintlify.dev/docs/docs7/components/mermaid,2026-09-17T10:56:50.138Z,13.4.1,76,474.6948993664083,922,544,0.033410090124614135,1228.968348126728
Mintlify,Generated diagrams,desktop,7,https://context7.mintlify.dev/docs/docs7/components/mermaid,2026-09-17T11:00:17.961Z,13.4.1,77,473.86078794672795,942.0336133095864,452.00000000000045,0.033410090124614135,1589.9017545809168
Mintlify,Generated diagrams,desktop,8,https://context7.mintlify.dev/docs/docs7/components/mermaid,2026-09-17T11:05:20.565Z,13.4.1,95,464.75896159178103,902.0266278703884,163.49999999999977,0.033685701861437246,1050.2600303258746
Mintlify,Generated diagrams,desktop,9,https://context7.mintlify.dev/docs/docs7/components/mermaid,2026-09-17T11:08:46.612Z,13.4.1,98,477.4819478593632,702.012750013711,101.5,0.033410090124614135,1060.5405687437337
Mintlify,Generated diagrams,desktop,10,https://context7.mintlify.dev/docs/docs7/components/mermaid,2026-09-17T11:14:05.956Z,13.4.1,86,476.1359146182682,942.026200841114,304,0.033410090124614135,1215.8940426918846
Docs7,Generated diagrams,mobile,1,https://upstash-context7.docs7.io/docs/docs7/components/mermaid,2026-09-17T08:59:46.919Z,13.4.1,90,1201.0128382990088,3301.0427943300297,167.5,0,2042.2571012052333
Docs7,Generated diagrams,mobile,2,https://upstash-context7.docs7.io/docs/docs7/components/mermaid,2026-09-17T09:00:47.902Z,13.4.1,60,2107.040890782342,8118.236748925478,408,0,5204.785620859293
Docs7,Generated diagrams,mobile,3,https://upstash-context7.docs7.io/docs/docs7/components/mermaid,2026-09-17T09:03:51.395Z,13.4.1,77,1201.0153242547458,3151.0485268066946,663.5,0,2351.5016640084464
Docs7,Generated diagrams,mobile,4,https://upstash-context7.docs7.io/docs/docs7/components/mermaid,2026-09-17T10:46:34.813Z,13.4.1,68,2105.019736845328,8046.127447659098,136,0,5325.875756225814
Docs7,Generated diagrams,mobile,5,https://upstash-context7.docs7.io/docs/docs7/components/mermaid,2026-09-17T10:51:36.206Z,13.4.1,90,1201.0138000122993,3301.0460000409985,119,0,3335.378356082938
Docs7,Generated diagrams,mobile,6,https://upstash-context7.docs7.io/docs/docs7/components/mermaid,2026-09-17T10:56:46.330Z,13.4.1,81,1201.0118730502054,3001.0356191506157,540.5,0,2156.6129734980423
Docs7,Generated diagrams,mobile,7,https://upstash-context7.docs7.io/docs/docs7/components/mermaid,2026-09-17T11:00:08.049Z,13.4.1,92,1201.0177318679207,3151.056150915081,154.5,0,2153.7059130613898
Docs7,Generated diagrams,mobile,8,https://upstash-context7.docs7.io/docs/docs7/components/mermaid,2026-09-17T11:05:12.059Z,13.4.1,94,1201.0098684310415,2851.0279605546175,133,0,2110.0991267185004
Docs7,Generated diagrams,mobile,9,https://upstash-context7.docs7.io/docs/docs7/components/mermaid,2026-09-17T11:08:35.928Z,13.4.1,87,1201.5157930160358,2851.544746878769,349,0,2220.5235970889207
Docs7,Generated diagrams,mobile,10,https://upstash-context7.docs7.io/docs/docs7/components/mermaid,2026-09-17T11:13:55.887Z,13.4.1,91,1201.011873241072,3076.0366091599726,195,0,2254.5173375362247
Mintlify,Generated diagrams,mobile,1,https://context7.mintlify.dev/docs/docs7/components/mermaid,2026-09-17T08:59:51.571Z,13.4.1,53,1686.9063546628515,12396.569584086657,614.4999999999982,0,6145.112730011466
Mintlify,Generated diagrams,mobile,2,https://context7.mintlify.dev/docs/docs7/components/mermaid,2026-09-17T09:15:39.106Z,13.4.1,52,1688.0158104666953,13076.95853994671,652,0,6264.4633986229455
Mintlify,Generated diagrams,mobile,3,https://context7.mintlify.dev/docs/docs7/components/mermaid,2026-09-17T09:03:59.057Z,13.4.1,92,1700.4818282599576,2776.022756047394,148,0,3637.123077605848
Mintlify,Generated diagrams,mobile,4,https://context7.mintlify.dev/docs/docs7/components/mermaid,2026-09-17T10:46:38.319Z,13.4.1,65,1687.723443556129,7303,0,0,16323.834881421177
Mintlify,Generated diagrams,mobile,5,https://context7.mintlify.dev/docs/docs7/components/mermaid,2026-09-17T10:51:40.307Z,13.4.1,90,1672.703695395625,2701.018634859498,222,0,3674.0736010962128
Mintlify,Generated diagrams,mobile,6,https://context7.mintlify.dev/docs/docs7/components/mermaid,2026-09-17T10:56:47.052Z,13.4.1,51,3010.0251932626193,12151.11057043038,477.0000000000009,0,6823.964337025223
Mintlify,Generated diagrams,mobile,7,https://context7.mintlify.dev/docs/docs7/components/mermaid,2026-09-17T11:00:08.483Z,13.4.1,61,3007.0462895640085,12916.214732144146,153,0,6964.004025548835
Mintlify,Generated diagrams,mobile,8,https://context7.mintlify.dev/docs/docs7/components/mermaid,2026-09-17T11:05:15.090Z,13.4.1,58,1686.2942587769326,8105.048889827123,490,0,5424.382113665152
Mintlify,Generated diagrams,mobile,9,https://context7.mintlify.dev/docs/docs7/components/mermaid,2026-09-17T11:08:40.057Z,13.4.1,62,1687.2213816370763,8187,401,0,4796.396783858287
Mintlify,Generated diagrams,mobile,10,https://context7.mintlify.dev/docs/docs7/components/mermaid,2026-09-17T11:14:02.841Z,13.4.1,51,3009.5108497371575,13120.46575746628,526,0,6431.269055593577
Docs7,Cards and code,desktop,1,https://upstash-context7.docs7.io/docs/overview,2026-09-17T08:58:20.387Z,13.4.1,71,441.0123820336449,976.0178851597094,762.9986242184839,0.0003802657627045801,1133.086074644436
Docs7,Cards and code,desktop,2,https://upstash-context7.docs7.io/docs/overview,2026-09-17T09:02:25.732Z,13.4.1,94,441.00874493431047,761.0165182092529,196.99951417031605,0.0003802657627045801,559.4578602975807
Docs7,Cards and code,desktop,3,https://upstash-context7.docs7.io/docs/overview,2026-09-17T09:02:45.573Z,13.4.1,93,441.0116601874859,761.0220247985843,204.9987044236126,0.0003802657627045801,789.8308516195686
Docs7,Cards and code,desktop,4,https://upstash-context7.docs7.io/docs/overview,2026-09-17T10:48:59.771Z,13.4.1,100,321.00631021829986,561.0126204365996,68.99947414847497,0.0003802657627045801,439.3927588119574
Docs7,Cards and code,desktop,5,https://upstash-context7.docs7.io/docs/overview,2026-09-17T10:50:31.559Z,13.4.1,95,321.00728991072117,661.0176172842426,174.99939250743978,0.0003802657627045801,503.96272957926226
Docs7,Cards and code,desktop,6,https://upstash-context7.docs7.io/docs/overview,2026-09-17T10:58:05.209Z,13.4.1,96,321.0131020886662,661.0316633809432,151.49781631855558,0.0003802657627045801,525.2503871583228
Docs7,Cards and code,desktop,7,https://upstash-context7.docs7.io/docs/overview,2026-09-17T11:00:01.430Z,13.4.1,99,322.0058262091937,682.0145655229844,91.99902896513436,0.0003802657627045801,494.10918480707403
Docs7,Cards and code,desktop,8,https://upstash-context7.docs7.io/docs/overview,2026-09-17T11:06:20.187Z,13.4.1,96,322.00873488506954,612.0189255843173,170.99927209291093,0.0003802657627045801,490.3614769207928
Docs7,Cards and code,desktop,9,https://upstash-context7.docs7.io/docs/overview,2026-09-17T11:08:01.346Z,13.4.1,98,321.5058287266676,661.5140860894464,129.49951427277767,0.0003802657627045801,513.2146446590427
Docs7,Cards and code,desktop,10,https://upstash-context7.docs7.io/docs/overview,2026-09-17T11:15:17.714Z,13.4.1,96,441.0094654770618,761.0178792344503,162.99947414016322,0.0003802657627045801,540.021374132036
Mintlify,Cards and code,desktop,1,https://context7.mintlify.dev/docs/overview,2026-09-17T08:58:19.421Z,13.4.1,80,511.7040856961413,922.0252477865043,415.99999999999943,0.0001466717881634331,1137.7152148241148
Mintlify,Cards and code,desktop,2,https://context7.mintlify.dev/docs/overview,2026-09-17T09:02:23.935Z,13.4.1,78,547.5852970920724,1042.038227614522,449.4999999999991,0.0002756117368231141,1224.3839588888495
Mintlify,Cards and code,desktop,3,https://context7.mintlify.dev/docs/overview,2026-09-17T09:15:51.867Z,13.4.1,97,498.98681120997503,1202.0529733520073,69.00000000000023,0.0001466717881634331,886.6307190541507
Mintlify,Cards and code,desktop,4,https://context7.mintlify.dev/docs/overview,2026-09-17T10:49:45.128Z,13.4.1,99,507.9900758638506,961,6,0.0002756117368231141,507.9900758638506
Mintlify,Cards and code,desktop,5,https://context7.mintlify.dev/docs/overview,2026-09-17T10:50:32.363Z,13.4.1,85,511.3665438423169,962.0265116940027,312.5,0.0001466717881634331,1103.2385341661136
Mintlify,Cards and code,desktop,6,https://context7.mintlify.dev/docs/overview,2026-09-17T10:58:07.174Z,13.4.1,88,507.1338230981182,1002.0234589648164,268.99999999999966,0.0001466717881634331,980.8097195701805
Mintlify,Cards and code,desktop,7,https://context7.mintlify.dev/docs/overview,2026-09-17T10:59:00.726Z,13.4.1,98,500.63939611588023,1002.0434905109164,67,0.0001466717881634331,984.1373182544475
Mintlify,Cards and code,desktop,8,https://context7.mintlify.dev/docs/overview,2026-09-17T11:06:30.369Z,13.4.1,90,508.70380304259106,982.0246996284113,230.00000000000045,0.0001466717881634331,940.849539572242
Mintlify,Cards and code,desktop,9,https://context7.mintlify.dev/docs/overview,2026-09-17T11:08:01.949Z,13.4.1,99,506.17026012156884,1021,0,0,582.1496945477074
Mintlify,Cards and code,desktop,10,https://context7.mintlify.dev/docs/overview,2026-09-17T11:15:17.501Z,13.4.1,96,505.37889228510267,1002.033732125413,136.49999999999955,0.0001466717881634331,1033.9890712547324
Docs7,Cards and code,mobile,1,https://upstash-context7.docs7.io/docs/overview,2026-09-17T08:56:52.756Z,13.4.1,92,1201.006792717064,3151.0215102707025,127.5,0,2059.8171492773026
Docs7,Cards and code,mobile,2,https://upstash-context7.docs7.io/docs/overview,2026-09-17T09:02:23.572Z,13.4.1,57,2708.520728107229,8124.799610970694,431.5,0,5035.8989484444955
Docs7,Cards and code,mobile,3,https://upstash-context7.docs7.io/docs/overview,2026-09-17T09:15:52.060Z,13.4.1,63,2709.0258607956107,7995.459440813328,243.5,0,4981.258900175081
Docs7,Cards and code,mobile,4,https://upstash-context7.docs7.io/docs/overview,2026-09-17T10:48:57.865Z,13.4.1,65,2706.014258106948,7909.962578560739,198,0,4910.003702884848
Docs7,Cards and code,mobile,5,https://upstash-context7.docs7.io/docs/overview,2026-09-17T10:50:32.116Z,13.4.1,85,1201.0082563103206,3301.027521034401,319,0,1803.0307984590113
Docs7,Cards and code,mobile,6,https://upstash-context7.docs7.io/docs/overview,2026-09-17T10:57:52.926Z,13.4.1,62,2707.5261846650437,7978.69963117225,292,0,4769.464841324182
Docs7,Cards and code,mobile,7,https://upstash-context7.docs7.io/docs/overview,2026-09-17T10:59:01.679Z,13.4.1,82,1201.011160590523,3301.03720196841,406.00000000000045,0,1996.965062436252
Docs7,Cards and code,mobile,8,https://upstash-context7.docs7.io/docs/overview,2026-09-17T11:06:17.100Z,13.4.1,92,1202.0092747586132,3002.0278242758395,180.4992271034489,0,1996.3265316103507
Docs7,Cards and code,mobile,9,https://upstash-context7.docs7.io/docs/overview,2026-09-17T11:07:01.528Z,13.4.1,61,2712.0297592498487,7994.547754940175,298,0,4998.8486769338515
Docs7,Cards and code,mobile,10,https://upstash-context7.docs7.io/docs/overview,2026-09-17T11:15:01.043Z,13.4.1,66,2706.016994307229,7999.053735430796,224,0,3692.4659960837835
Mintlify,Cards and code,mobile,1,https://context7.mintlify.dev/docs/overview,2026-09-17T08:58:18.860Z,13.4.1,58,3010.0549508784775,13759.219942638327,289,0,6392.915720864661
Mintlify,Cards and code,mobile,2,https://context7.mintlify.dev/docs/overview,2026-09-17T09:02:21.901Z,13.4.1,63,1837.672754071505,7642.039981592328,354.9999999999991,0,4669.6636085487435
Mintlify,Cards and code,mobile,3,https://context7.mintlify.dev/docs/overview,2026-09-17T09:02:45.844Z,13.4.1,60,1842.8348388745358,12533.46884707007,366.5,0,5753.784523087894
Mintlify,Cards and code,mobile,4,https://context7.mintlify.dev/docs/overview,2026-09-17T10:48:57.727Z,13.4.1,72,1856.983808610823,5327.042161644484,284,0,3248.627527329366
Mintlify,Cards and code,mobile,5,https://context7.mintlify.dev/docs/overview,2026-09-17T10:50:31.972Z,13.4.1,52,3011.0245416917887,14184.04314040779,483,0,6443.519921035311
Mintlify,Cards and code,mobile,6,https://context7.mintlify.dev/docs/overview,2026-09-17T10:57:55.282Z,13.4.1,51,3014.019804323596,13783.314670120713,506,0,6373.630519283906
Mintlify,Cards and code,mobile,7,https://context7.mintlify.dev/docs/overview,2026-09-17T10:59:00.800Z,13.4.1,91,1834.2697513772846,3077.013044243393,134,0,2510.663389313957
Mintlify,Cards and code,mobile,8,https://context7.mintlify.dev/docs/overview,2026-09-17T11:06:17.539Z,13.4.1,67,1860.5388023450591,9298.06880393818,246,0,4268.77029899201
Mintlify,Cards and code,mobile,9,https://context7.mintlify.dev/docs/overview,2026-09-17T11:08:01.328Z,13.4.1,74,1830.5252391169038,6849,0,0,4015.1428955105766
Mintlify,Cards and code,mobile,10,https://context7.mintlify.dev/docs/overview,2026-09-17T11:15:07.701Z,13.4.1,66,1830.9708462796102,8002.5408668139935,278.5,0,4370.813684883293
Docs7,Custom React component,desktop,1,https://upstash-context7.docs7.io/docs/docs7/components/react-components,2026-09-17T08:59:26.927Z,13.4.1,96,321.00867526751995,581.018073474,160.99783118311996,0.0003802657627045801,451.8402135759836
Docs7,Custom React component,desktop,2,https://upstash-context7.docs7.io/docs/docs7/components/react-components,2026-09-17T09:01:17.070Z,13.4.1,99,321.0125298512994,641.0292363196986,66,0.0003802657627045801,431.0719659973072
Docs7,Custom React component,desktop,3,https://upstash-context7.docs7.io/docs/docs7/components/react-components,2026-09-17T09:03:23.371Z,13.4.1,87,321.01927565733916,538.0353387051218,307,0.0003802657627045801,518.1233764797375
Docs7,Custom React component,desktop,4,https://upstash-context7.docs7.io/docs/docs7/components/react-components,2026-09-17T10:48:08.618Z,13.4.1,94,321.01590267450683,561.0318053490137,195.99734955424879,0.0003802657627045801,443.41052307038285
Docs7,Custom React component,desktop,5,https://upstash-context7.docs7.io/docs/docs7/components/react-components,2026-09-17T10:51:15.681Z,13.4.1,94,321.0163839310203,701.0423251551355,190.99453868965992,0.0003802657627045801,656.7267693931576
Docs7,Custom React component,desktop,6,https://upstash-context7.docs7.io/docs/docs7/components/react-components,2026-09-17T10:57:14.921Z,13.4.1,97,321.5125291848815,661.5302788634635,135.99895590125993,0.0003802657627045801,471.68905545794564
Docs7,Custom React component,desktop,7,https://upstash-context7.docs7.io/docs/docs7/components/react-components,2026-09-17T10:59:50.739Z,13.4.1,100,321.01363334548023,641.0318111394538,38,0.0003802657627045801,415.6908079718093
Docs7,Custom React component,desktop,8,https://upstash-context7.docs7.io/docs/docs7/components/react-components,2026-09-17T11:05:40.195Z,13.4.1,95,321.0183126224324,521.0335731411261,190.9954218443919,0.0003802657627045801,447.6532912316869
Docs7,Custom React component,desktop,9,https://upstash-context7.docs7.io/docs/docs7/components/react-components,2026-09-17T11:08:21.122Z,13.4.1,99,321.0120476346235,641.0281111474549,88.99799206089608,0.0003802657627045801,469.0115160413934
Docs7,Custom React component,desktop,10,https://upstash-context7.docs7.io/docs/docs7/components/react-components,2026-09-17T11:14:30.869Z,13.4.1,91,321.0163845272232,661.0395959407894,241.9986346227314,0.0003802657627045801,579.7132293663749
Mintlify,Custom React component,desktop,1,https://context7.mintlify.dev/docs/docs7/components/react-components,2026-09-17T08:59:30.397Z,13.4.1,92,473.6634924545659,942.0378147989586,208.00000000000023,0.01847902409819425,900.4015943425496
Mintlify,Custom React component,desktop,2,https://context7.mintlify.dev/docs/docs7/components/react-components,2026-09-17T09:01:15.075Z,13.4.1,89,469.5439647238418,982.0176206026542,248.49999999999977,0.01847902409819425,903.9900147361222
Mintlify,Custom React component,desktop,3,https://context7.mintlify.dev/docs/docs7/components/react-components,2026-09-17T09:03:27.111Z,13.4.1,83,497.8717342222177,922.0188476399899,357.99955124666724,0.01847902409819425,891.7182240443385
Mintlify,Custom React component,desktop,4,https://context7.mintlify.dev/docs/docs7/components/react-components,2026-09-17T10:48:08.648Z,13.4.1,88,494.86715063763137,922.0238813453248,253.9999999999999,0.01847902409819425,1490.1079514597527
Mintlify,Custom React component,desktop,5,https://context7.mintlify.dev/docs/docs7/components/react-components,2026-09-17T10:51:19.244Z,13.4.1,85,471.7032713094595,862.0265135372788,322.49796049713234,0.01847902409819425,1066.228863259615
Mintlify,Custom React component,desktop,6,https://context7.mintlify.dev/docs/docs7/components/react-components,2026-09-17T10:57:19.321Z,13.4.1,93,470.91137479161677,882.0294694154536,202.5,0.01847902409819425,850.7156552386807
Mintlify,Custom React component,desktop,7,https://context7.mintlify.dev/docs/docs7/components/react-components,2026-09-17T10:59:52.489Z,13.4.1,99,462.5106592267788,762.018806575212,103,0.01847902409819425,862.6090729414245
Mintlify,Custom React component,desktop,8,https://context7.mintlify.dev/docs/docs7/components/react-components,2026-09-17T11:05:43.139Z,13.4.1,82,466.7041386913583,982.0314073297758,339.77912828953947,0.01847902409819425,1590.8684196307915
Mintlify,Custom React component,desktop,9,https://context7.mintlify.dev/docs/docs7/components/react-components,2026-09-17T11:08:28.234Z,13.4.1,98,459.22474910514364,662.0134932677729,123.5,0.01847902409819425,785.7060837371017
Mintlify,Custom React component,desktop,10,https://context7.mintlify.dev/docs/docs7/components/react-components,2026-09-17T11:14:31.215Z,13.4.1,96,461.70718964269065,982.0472145111619,137.5,0.0188076057211536,779.149412647653
Docs7,Custom React component,mobile,1,https://upstash-context7.docs7.io/docs/docs7/components/react-components,2026-09-17T08:59:17.103Z,13.4.1,67,2106.0260243156304,7426.585324794742,219,0,4938.507689616465
Docs7,Custom React component,mobile,2,https://upstash-context7.docs7.io/docs/docs7/components/react-components,2026-09-17T09:01:10.868Z,13.4.1,92,1201.0086762438723,3301.0289208129084,89.5,0,1880.5053359854037
Docs7,Custom React component,mobile,3,https://upstash-context7.docs7.io/docs/docs7/components/react-components,2026-09-17T09:03:20.939Z,13.4.1,64,2110.023418532359,7566.190396726333,311,0,4976.905375699741
Docs7,Custom React component,mobile,4,https://upstash-context7.docs7.io/docs/docs7/components/react-components,2026-09-17T10:48:08.167Z,13.4.1,97,1202.070351231444,2402.1641528733694,23.5,0,2321.8028370256416
Docs7,Custom React component,mobile,5,https://upstash-context7.docs7.io/docs/docs7/components/react-components,2026-09-17T10:51:10.371Z,13.4.1,62,2108.0240958586996,7562.74627276539,372.5,0,4628.22288152182
Docs7,Custom React component,mobile,6,https://upstash-context7.docs7.io/docs/docs7/components/react-components,2026-09-17T10:57:07.662Z,13.4.1,93,1201.0057826105867,3226.018793484406,17.5,0,1974.231225141299
Docs7,Custom React component,mobile,7,https://upstash-context7.docs7.io/docs/docs7/components/react-components,2026-09-17T10:59:37.386Z,13.4.1,67,2106.02409428224,7450.448522224322,232,0,4716.009326754619
Docs7,Custom React component,mobile,8,https://upstash-context7.docs7.io/docs/docs7/components/react-components,2026-09-17T11:05:32.215Z,13.4.1,92,1201.0130107954142,3151.0412008521444,133.99891576704886,0,1846.4655753542077
Docs7,Custom React component,mobile,9,https://upstash-context7.docs7.io/docs/docs7/components/react-components,2026-09-17T11:08:14.171Z,13.4.1,96,1203.0110843371863,2553.027710842966,127.5,0,1966.4871347690669
Docs7,Custom React component,mobile,10,https://upstash-context7.docs7.io/docs/docs7/components/react-components,2026-09-17T11:14:19.863Z,13.4.1,93,1201.0126118221206,3151.039937436716,5,0,2178.2398035836404
Mintlify,Custom React component,mobile,1,https://context7.mintlify.dev/docs/docs7/components/react-components,2026-09-17T08:59:24.167Z,13.4.1,55,3010.037193558438,11775.881129209734,429.0000000000009,0,5666.607959850142
Mintlify,Custom React component,mobile,2,https://context7.mintlify.dev/docs/docs7/components/react-components,2026-09-17T09:01:07.644Z,13.4.1,93,1671.7906961552349,2927.019945569942,123.5,0,3225.3790953133835
Mintlify,Custom React component,mobile,3,https://context7.mintlify.dev/docs/docs7/components/react-components,2026-09-17T09:03:22.185Z,13.4.1,74,1682.7035643877314,4577.037401744858,355.9999999999991,0,3154.017739016982
Mintlify,Custom React component,mobile,4,https://context7.mintlify.dev/docs/docs7/components/react-components,2026-09-17T10:48:08.033Z,13.4.1,70,1702.2818023584136,10357.538403470706,149.5,0,4101.243284391128
Mintlify,Custom React component,mobile,5,https://context7.mintlify.dev/docs/docs7/components/react-components,2026-09-17T10:51:15.087Z,13.4.1,58,1707.2502520945663,10874.104329998385,443,0,5591.6996976436985
Mintlify,Custom React component,mobile,6,https://context7.mintlify.dev/docs/docs7/components/react-components,2026-09-17T10:57:10.537Z,13.4.1,90,1685.5479333160092,3077.019552078897,183,0,2616.737359600528
Mintlify,Custom React component,mobile,7,https://context7.mintlify.dev/docs/docs7/components/react-components,2026-09-17T10:59:46.539Z,13.4.1,80,1677.8390430927861,4277.031356743475,230.5,0,2483.928559077111
Mintlify,Custom React component,mobile,8,https://context7.mintlify.dev/docs/docs7/components/react-components,2026-09-17T11:05:33.465Z,13.4.1,70,1676.4452599355875,10332.04607538279,183.5,0,4062.3652693831264
Mintlify,Custom React component,mobile,9,https://context7.mintlify.dev/docs/docs7/components/react-components,2026-09-17T11:08:16.220Z,13.4.1,77,1671.3702154663042,6076,0,0,2558.738276207083
Mintlify,Custom React component,mobile,10,https://context7.mintlify.dev/docs/docs7/components/react-components,2026-09-17T11:14:28.948Z,13.4.1,82,1682.5646510205538,4052.024412299751,239.5,0,2394.0473328429075
Docs7,Step-by-step instructions,desktop,1,https://upstash-context7.docs7.io/docs/docs7/components/steps,2026-09-17T09:06:04.204Z,13.4.1,100,321.0131460259921,601.0284830563161,58.99780899566804,0.0003802657627045801,574.4231916165761
Docs7,Step-by-step instructions,desktop,2,https://upstash-context7.docs7.io/docs/docs7/components/steps,2026-09-17T09:10:13.180Z,13.4.1,87,321.01121995778806,561.0224399155761,308.99906500351756,0.0003802657627045801,478.35672579075185
Docs7,Step-by-step instructions,desktop,3,https://upstash-context7.docs7.io/docs/docs7/components/steps,2026-09-17T09:10:18.928Z,13.4.1,95,321.0079327098862,521.014543301458,185.9986778816857,0.0003802657627045801,551.8952670573582
Docs7,Step-by-step instructions,desktop,4,https://upstash-context7.docs7.io/docs/docs7/components/steps,2026-09-17T10:46:11.042Z,13.4.1,95,321.01170097737395,601.0253521176437,172.99707475565663,0.0003802657627045801,477.3603351040175
Docs7,Step-by-step instructions,desktop,5,https://upstash-context7.docs7.io/docs/docs7/components/steps,2026-09-17T10:52:20.899Z,13.4.1,100,321.0126639478332,521.0232172376942,27.5,0.0003802657627045801,415.31214711389373
Docs7,Step-by-step instructions,desktop,6,https://upstash-context7.docs7.io/docs/docs7/components/steps,2026-09-17T10:56:18.314Z,13.4.1,100,321.01218269406456,561.0243653881292,45,0.0003802657627045801,409.2056094114079
Docs7,Step-by-step instructions,desktop,7,https://upstash-context7.docs7.io/docs/docs7/components/steps,2026-09-17T11:00:44.031Z,13.4.1,99,321.0088959397149,661.0214985209776,80.49851734338085,0.0003802657627045801,442.8550693603154
Docs7,Step-by-step instructions,desktop,8,https://upstash-context7.docs7.io/docs/docs7/components/steps,2026-09-17T11:04:45.217Z,13.4.1,88,321.01595147406556,521.0292443691202,286.9986707104946,0.0003802657627045801,440.7702371432949
Docs7,Step-by-step instructions,desktop,9,https://upstash-context7.docs7.io/docs/docs7/components/steps,2026-09-17T11:09:17.917Z,13.4.1,95,321.0210796245493,641.049185790615,182.99648672924184,0.0003802657627045801,481.8309744677633
Docs7,Step-by-step instructions,desktop,10,https://upstash-context7.docs7.io/docs/docs7/components/steps,2026-09-17T11:13:30.569Z,13.4.1,84,321.014506012885,641.0338473633982,359,0.0003802657627045801,517.3084599741064
Mintlify,Step-by-step instructions,desktop,1,https://context7.mintlify.dev/docs/docs7/components/steps,2026-09-17T09:06:04.811Z,13.4.1,81,476.9347338552101,902.0396142378013,394.99516899539026,0.01700899932937044,1065.3704928410614
Mintlify,Step-by-step instructions,desktop,2,https://context7.mintlify.dev/docs/docs7/components/steps,2026-09-17T09:10:10.824Z,13.4.1,81,473.7326385106771,862.0691673092487,406.99290591700014,0.01700899932937044,945.9343210298915
Mintlify,Step-by-step instructions,desktop,3,https://context7.mintlify.dev/docs/docs7/components/steps,2026-09-17T09:11:39.831Z,13.4.1,90,468.50111214593574,862.021489115331,242.99779598817122,0.017284611066193556,938.2309078012379
Mintlify,Step-by-step instructions,desktop,4,https://context7.mintlify.dev/docs/docs7/components/steps,2026-09-17T10:46:06.717Z,13.4.1,87,472.8671300525445,862.0174324682341,296.99865904090507,0.01700899932937044,897.5685711304127
Mintlify,Step-by-step instructions,desktop,5,https://context7.mintlify.dev/docs/docs7/components/steps,2026-09-17T10:52:18.976Z,13.4.1,83,505.84389491471995,862.025524276733,368.9999999999999,0.01700899932937044,1044.2453723839956
Mintlify,Step-by-step instructions,desktop,6,https://context7.mintlify.dev/docs/docs7/components/steps,2026-09-17T10:56:18.701Z,13.4.1,88,470.5747120413846,942.0336719144566,275.99608466110953,0.01700899932937044,1004.0267649636623
Mintlify,Step-by-step instructions,desktop,7,https://context7.mintlify.dev/docs/docs7/components/steps,2026-09-17T11:00:40.419Z,13.4.1,94,465.70272377412533,982.0248035026169,184.5,0.017284611066193556,864.3184818692052
Mintlify,Step-by-step instructions,desktop,8,https://context7.mintlify.dev/docs/docs7/components/steps,2026-09-17T11:04:42.595Z,13.4.1,98,471.9442072262883,822.0156618218775,111.50000000000023,0.01700899932937044,810.3806270650038
Mintlify,Step-by-step instructions,desktop,9,https://context7.mintlify.dev/docs/docs7/components/steps,2026-09-17T11:09:09.927Z,13.4.1,79,473.45848911384803,862.0240364337917,459.49753472473935,0.01700899932937044,915.4552073901962
Mintlify,Step-by-step instructions,desktop,10,https://context7.mintlify.dev/docs/docs7/components/steps,2026-09-17T11:13:28.419Z,13.4.1,93,469.9275625932769,942.0316141877048,203.5,0.01700899932937044,821.8101490913457
Docs7,Step-by-step instructions,mobile,1,https://upstash-context7.docs7.io/docs/docs7/components/steps,2026-09-17T09:06:04.552Z,13.4.1,68,2107.0168268155703,7485.9666542009545,181,0,4901.421875815512
Docs7,Step-by-step instructions,mobile,2,https://upstash-context7.docs7.io/docs/docs7/components/steps,2026-09-17T09:10:06.691Z,13.4.1,94,1202.01314596456,3077.0405333907265,13,0,2124.270854244493
Docs7,Step-by-step instructions,mobile,3,https://upstash-context7.docs7.io/docs/docs7/components/steps,2026-09-17T09:16:20.787Z,13.4.1,66,2107.018746977867,7651.073444884696,251,0,4762.945476849256
Docs7,Step-by-step instructions,mobile,4,https://upstash-context7.docs7.io/docs/docs7/components/steps,2026-09-17T10:46:04.424Z,13.4.1,91,1201.0088954078537,3301.0296513595113,138.49925871601226,0,2021.205429896584
Docs7,Step-by-step instructions,mobile,5,https://upstash-context7.docs7.io/docs/docs7/components/steps,2026-09-17T10:52:14.443Z,13.4.1,66,2111.029974569257,7381.9333546751295,259,0,4577.014894749866
Docs7,Step-by-step instructions,mobile,6,https://upstash-context7.docs7.io/docs/docs7/components/steps,2026-09-17T10:56:17.647Z,13.4.1,96,1201.0203872448901,2701.0543659863743,39,0,2256.9736965415027
Docs7,Step-by-step instructions,mobile,7,https://upstash-context7.docs7.io/docs/docs7/components/steps,2026-09-17T11:00:40.480Z,13.4.1,92,1201.012182655576,3001.0365479667284,186.99898477870192,0,1738.5251552921093
Docs7,Step-by-step instructions,mobile,8,https://upstash-context7.docs7.io/docs/docs7/components/steps,2026-09-17T11:04:41.784Z,13.4.1,94,1201.0089689944866,3001.0269069834612,65.5,0,1932.7920438435713
Docs7,Step-by-step instructions,mobile,9,https://upstash-context7.docs7.io/docs/docs7/components/steps,2026-09-17T11:09:08.494Z,13.4.1,60,2115.0261227910723,7677.216607063179,419,0,4707.262045616603
Docs7,Step-by-step instructions,mobile,10,https://upstash-context7.docs7.io/docs/docs7/components/steps,2026-09-17T11:13:24.010Z,13.4.1,91,1201.0154697124917,3301.051565708306,148.5,0,1825.8428967947225
Mintlify,Step-by-step instructions,mobile,1,https://context7.mintlify.dev/docs/docs7/components/steps,2026-09-17T09:06:05.394Z,13.4.1,53,2861.045657141132,12100.558930223744,473,0,5787.865610010506
Mintlify,Step-by-step instructions,mobile,2,https://context7.mintlify.dev/docs/docs7/components/steps,2026-09-17T09:10:03.755Z,13.4.1,58,1689.8698303362844,10832.5526199776,482.5,0,5553.7276171234635
Mintlify,Step-by-step instructions,mobile,3,https://context7.mintlify.dev/docs/docs7/components/steps,2026-09-17T09:16:11.584Z,13.4.1,54,2860.0200885688446,12033.259411542957,434,0,6116.447700129787
Mintlify,Step-by-step instructions,mobile,4,https://context7.mintlify.dev/docs/docs7/components/steps,2026-09-17T10:46:00.566Z,13.4.1,80,1678.1535308149855,4727.033476338575,164,0,2620.3417665182246
Mintlify,Step-by-step instructions,mobile,5,https://context7.mintlify.dev/docs/docs7/components/steps,2026-09-17T10:52:12.964Z,13.4.1,70,1671.3948890471524,11500.437066036517,173,0,4274.13169779322
Mintlify,Step-by-step instructions,mobile,6,https://context7.mintlify.dev/docs/docs7/components/steps,2026-09-17T10:56:16.854Z,13.4.1,56,1687.9987075614154,10928.588880429008,552.5,0,5498.467985193016
Mintlify,Step-by-step instructions,mobile,7,https://context7.mintlify.dev/docs/docs7/components/steps,2026-09-17T11:00:39.539Z,13.4.1,91,1703.58913483157,3077.0118121872447,133,0,2943.4953764899446
Mintlify,Step-by-step instructions,mobile,8,https://context7.mintlify.dev/docs/docs7/components/steps,2026-09-17T11:04:41.244Z,13.4.1,61,1685.7668912932904,7458.072104500641,434,0,4794.536970521299
Mintlify,Step-by-step instructions,mobile,9,https://context7.mintlify.dev/docs/docs7/components/steps,2026-09-17T11:09:06.628Z,13.4.1,78,1671.6809540701097,5327.035327313352,110.5,0,2391.3467248449565
Mintlify,Step-by-step instructions,mobile,10,https://context7.mintlify.dev/docs/docs7/components/steps,2026-09-17T11:13:24.230Z,13.4.1,56,1697.8365602013632,10842.574182689707,517.5,0,5623.1268993849935
Docs7,Tabbed content,desktop,1,https://upstash-context7.docs7.io/docs/docs7/components/tabs,2026-09-17T09:06:16.170Z,13.4.1,100,321.0095104422071,641.0221910318168,41.499207463149446,0.0003802657627045801,379.07306405229156
Docs7,Tabbed content,desktop,2,https://upstash-context7.docs7.io/docs/docs7/components/tabs,2026-09-17T09:09:55.442Z,13.4.1,92,321.0109133425947,561.0218266851894,228.50454722608106,0.0003802657627045801,480.9384610653942
Docs7,Tabbed content,desktop,3,https://upstash-context7.docs7.io/docs/docs7/components/tabs,2026-09-17T09:16:23.781Z,13.4.1,82,321.01520646674436,657.0253441112407,408.50760323337227,0.0003802657627045801,728.3268430249975
Docs7,Tabbed content,desktop,4,https://upstash-context7.docs7.io/docs/docs7/components/tabs,2026-09-17T10:45:55.282Z,13.4.1,88,321.00864387848407,696.0216096962102,283.5,0.0003802657627045801,543.0411021026285
Docs7,Tabbed content,desktop,5,https://upstash-context7.docs7.io/docs/docs7/components/tabs,2026-09-17T10:52:30.230Z,13.4.1,87,321.01187715013316,667.0287031128219,305,0.0003802657627045801,515.4950621571343
Docs7,Tabbed content,desktop,6,https://upstash-context7.docs7.io/docs/docs7/components/tabs,2026-09-17T10:56:04.927Z,13.4.1,93,321.0115258201712,561.0230516403424,208.99903951498578,0.0003802657627045801,417.33008598228025
Docs7,Tabbed content,desktop,7,https://upstash-context7.docs7.io/docs/docs7/components/tabs,2026-09-17T11:00:54.330Z,13.4.1,100,321.01235836755495,561.0247167351099,44.5,0.0003802657627045801,415.9752897139915
Docs7,Tabbed content,desktop,8,https://upstash-context7.docs7.io/docs/docs7/components/tabs,2026-09-17T11:04:38.551Z,13.4.1,100,321.00528101475834,661.0127624523327,56.5,0.0003802657627045801,541.0053058324052
Docs7,Tabbed content,desktop,9,https://upstash-context7.docs7.io/docs/docs7/components/tabs,2026-09-17T11:09:28.719Z,13.4.1,90,321.00854653657416,631.0178052845297,261.0028488455247,0.0003802657627045801,616.9278787169314
Docs7,Tabbed content,desktop,10,https://upstash-context7.docs7.io/docs/docs7/components/tabs,2026-09-17T11:13:21.221Z,13.4.1,97,321.0161705117266,661.0390787366726,135.99730491471223,0.0003802657627045801,538.8071257883048
Mintlify,Tabbed content,desktop,1,https://context7.mintlify.dev/docs/docs7/components/tabs,2026-09-17T09:06:20.299Z,13.4.1,96,462.81387084572486,982.0341532493064,145,0.01700899932937044,964.0702981819957
Mintlify,Tabbed content,desktop,2,https://context7.mintlify.dev/docs/docs7/components/tabs,2026-09-17T09:09:58.365Z,13.4.1,99,463.2504750647988,902.015708500568,77,0.01700899932937044,787.7896727383907
Mintlify,Tabbed content,desktop,3,https://context7.mintlify.dev/docs/docs7/components/tabs,2026-09-17T09:16:29.295Z,13.4.1,74,475.6275639380501,842.0227435229515,623.9970074311906,0.01700899932937044,1131.3838565228552
Mintlify,Tabbed content,desktop,4,https://context7.mintlify.dev/docs/docs7/components/tabs,2026-09-17T10:46:00.421Z,13.4.1,92,468.7002049524433,902.0133921714582,211.50000000000023,0.01700899932937044,883.712252244392
Mintlify,Tabbed content,desktop,5,https://context7.mintlify.dev/docs/docs7/components/tabs,2026-09-17T10:52:31.084Z,13.4.1,92,467.35449756268895,902.0225676593857,210.50000000000023,0.01700899932937044,888.7449392866503
Mintlify,Tabbed content,desktop,6,https://context7.mintlify.dev/docs/docs7/components/tabs,2026-09-17T10:56:15.355Z,13.4.1,91,469.65496863881083,982.018311157083,217.50000000000023,0.01700899932937044,872.5137458792547
Mintlify,Tabbed content,desktop,7,https://context7.mintlify.dev/docs/docs7/components/tabs,2026-09-17T11:00:56.452Z,13.4.1,73,474.7672303892652,822.0310549471693,660.9949640626211,0.01700899932937044,1254.6556634377384
Mintlify,Tabbed content,desktop,8,https://context7.mintlify.dev/docs/docs7/components/tabs,2026-09-17T11:04:39.186Z,13.4.1,86,466.70328478550755,862.0230574268608,302.99763513570633,0.01700899932937044,945.4781210870215
Mintlify,Tabbed content,desktop,9,https://context7.mintlify.dev/docs/docs7/components/tabs,2026-09-17T11:09:29.684Z,13.4.1,90,466.70405077050583,902.0183292057127,244,0.01700899932937044,914.522443502276
Mintlify,Tabbed content,desktop,10,https://context7.mintlify.dev/docs/docs7/components/tabs,2026-09-17T11:13:22.119Z,13.4.1,93,490.70714803959027,1002.0521783230275,178.99999999999977,0.01700899932937044,972.1848996968617
Docs7,Tabbed content,mobile,1,https://upstash-context7.docs7.io/docs/docs7/components/tabs,2026-09-17T09:06:06.718Z,13.4.1,59,2110.0951782242378,7819.572679538761,466,0,4708.031353726961
Docs7,Tabbed content,mobile,2,https://upstash-context7.docs7.io/docs/docs7/components/tabs,2026-09-17T09:09:49.499Z,13.4.1,70,2106.0180559626647,7319.604349908472,135,0,4724.297408385861
Docs7,Tabbed content,mobile,3,https://upstash-context7.docs7.io/docs/docs7/components/tabs,2026-09-17T09:16:22.389Z,13.4.1,62,2110.0227902102774,7734.259458653962,350,0,4834.365013333379
Docs7,Tabbed content,mobile,4,https://upstash-context7.docs7.io/docs/docs7/components/tabs,2026-09-17T10:45:52.426Z,13.4.1,87,1201.0149118634235,3076.0459782455564,321.9987573447147,0,2046.1022908541145
Docs7,Tabbed content,mobile,5,https://upstash-context7.docs7.io/docs/docs7/components/tabs,2026-09-17T10:52:24.497Z,13.4.1,93,1201.012358347165,3076.0381049037583,134.5,0,1971.8018328795513
Docs7,Tabbed content,mobile,6,https://upstash-context7.docs7.io/docs/docs7/components/tabs,2026-09-17T10:56:02.587Z,13.4.1,87,1201.011525009858,2851.0326541945974,353.5,0,1850.9349745956242
Docs7,Tabbed content,mobile,7,https://upstash-context7.docs7.io/docs/docs7/components/tabs,2026-09-17T11:00:51.184Z,13.4.1,92,1201.0085463593964,3076.026351274806,161.5,0,1833.292572031542
Docs7,Tabbed content,mobile,8,https://upstash-context7.docs7.io/docs/docs7/components/tabs,2026-09-17T11:04:28.356Z,13.4.1,90,1201.0123592395444,3301.0411974651493,179.99897006337096,0,1785.0411968360274
Docs7,Tabbed content,mobile,9,https://upstash-context7.docs7.io/docs/docs7/components/tabs,2026-09-17T11:09:20.945Z,13.4.1,92,1201.0118765026882,2851.0336500909507,221.5,0,1801.944817771146
Docs7,Tabbed content,mobile,10,https://upstash-context7.docs7.io/docs/docs7/components/tabs,2026-09-17T11:13:10.993Z,13.4.1,89,1201.0080649014271,3376.0275550798765,189.5,0,2072.0071525233125
Mintlify,Tabbed content,mobile,1,https://context7.mintlify.dev/docs/docs7/components/tabs,2026-09-17T09:06:04.378Z,13.4.1,60,3007.0166849830002,11602.515522861104,252,0,6114.584793658405
Mintlify,Tabbed content,mobile,2,https://context7.mintlify.dev/docs/docs7/components/tabs,2026-09-17T09:09:51.380Z,13.4.1,62,3007.019022015108,11622.331245602098,204,0,5816.422314789974
Mintlify,Tabbed content,mobile,3,https://context7.mintlify.dev/docs/docs7/components/tabs,2026-09-17T09:10:33.739Z,13.4.1,67,1685.7027368120193,7538.55251776492,314,0,3925.198137711972
Mintlify,Tabbed content,mobile,4,https://context7.mintlify.dev/docs/docs7/components/tabs,2026-09-17T10:45:54.112Z,13.4.1,53,1702.4936600332126,11195.326439545173,706,0,5125.66226282903
Mintlify,Tabbed content,mobile,5,https://context7.mintlify.dev/docs/docs7/components/tabs,2026-09-17T10:52:29.141Z,13.4.1,67,1710.2436872274097,7376.54901571357,288.5,0,4292.510305861382
Mintlify,Tabbed content,mobile,6,https://context7.mintlify.dev/docs/docs7/components/tabs,2026-09-17T10:56:03.195Z,13.4.1,93,1671.0169142724812,2927.019873817721,122.5,0,2609.672877148898
Mintlify,Tabbed content,mobile,7,https://context7.mintlify.dev/docs/docs7/components/tabs,2026-09-17T11:00:54.261Z,13.4.1,76,1682.7035545362185,5027.04126794884,230.5,0,2410.3739173762137
Mintlify,Tabbed content,mobile,8,https://context7.mintlify.dev/docs/docs7/components/tabs,2026-09-17T11:04:35.200Z,13.4.1,76,1690.7032629138416,4426.037333244281,353.0000000000009,0,2674.1639192635166
Mintlify,Tabbed content,mobile,9,https://context7.mintlify.dev/docs/docs7/components/tabs,2026-09-17T11:09:22.822Z,13.4.1,55,2860.016007426889,11913.38801171609,414.9999999999991,0,6047.173884262743
Mintlify,Tabbed content,mobile,10,https://context7.mintlify.dev/docs/docs7/components/tabs,2026-09-17T11:13:17.486Z,13.4.1,77,1676.1235631271943,5027.029191389474,202,0,3184.1463738057937
Docs7,Nested file tree,desktop,1,https://upstash-context7.docs7.io/docs/docs7/components/tree,2026-09-17T09:06:43.562Z,13.4.1,99,289.00012804812206,446.50023048661967,89.99998719518771,0.0013741620488135946,471.3606702100303
Docs7,Nested file tree,desktop,2,https://upstash-context7.docs7.io/docs/docs7/components/tree,2026-09-17T09:09:30.586Z,13.4.1,93,291,601,208,0.006838316794420553,541.7876078778401
Docs7,Nested file tree,desktop,3,https://upstash-context7.docs7.io/docs/docs7/components/tree,2026-09-17T09:10:58.955Z,13.4.1,94,291.00154968104675,641.0043391069308,187.99984503189535,0.0003802657627045801,631.5063150946013
Docs7,Nested file tree,desktop,4,https://upstash-context7.docs7.io/docs/docs7/components/tree,2026-09-17T10:45:38.952Z,13.4.1,99,288.00623473054685,641.0174572455313,99.99937652694541,0.0003802657627045801,720.122485992885
Docs7,Nested file tree,desktop,5,https://upstash-context7.docs7.io/docs/docs7/components/tree,2026-09-17T10:52:51.931Z,13.4.1,96,293.0015515198203,601.0040339515327,158.99984484801803,0.0003802657627045801,493.68001203671224
Docs7,Nested file tree,desktop,6,https://upstash-context7.docs7.io/docs/docs7/components/tree,2026-09-17T10:55:48.376Z,13.4.1,96,289.0000378465218,601.0000984009566,150.99999621534778,0.0003802657627045801,503.63578796807997
Docs7,Nested file tree,desktop,7,https://upstash-context7.docs7.io/docs/docs7/components/tree,2026-09-17T11:01:14.458Z,13.4.1,97,292,641,145,0.0003802657627045801,475.2596997820864
Docs7,Nested file tree,desktop,8,https://upstash-context7.docs7.io/docs/docs7/components/tree,2026-09-17T11:04:18.558Z,13.4.1,98,314,561,122,0.001589500170567331,575.9670976204063
Docs7,Nested file tree,desktop,9,https://upstash-context7.docs7.io/docs/docs7/components/tree,2026-09-17T11:09:48.125Z,13.4.1,94,290,641,199,0.0003802657627045801,607.2300555249383
Docs7,Nested file tree,desktop,10,https://upstash-context7.docs7.io/docs/docs7/components/tree,2026-09-17T11:13:01.063Z,13.4.1,91,288,641,235,0.0003802657627045801,505.8102807938121
Mintlify,Nested file tree,desktop,1,https://context7.mintlify.dev/docs/docs7/components/tree,2026-09-17T09:06:48.658Z,13.4.1,85,471.70280015094113,902.0242245707614,326.99763662724297,0.01847902409819425,1018.371857016908
Mintlify,Nested file tree,desktop,2,https://context7.mintlify.dev/docs/docs7/components/tree,2026-09-17T09:09:32.869Z,13.4.1,93,467.0447977855636,962.0206127248819,195.49999999999955,0.018754635835017366,895.6985913178515
Mintlify,Nested file tree,desktop,3,https://context7.mintlify.dev/docs/docs7/components/tree,2026-09-17T09:10:59.879Z,13.4.1,79,476.0388930689488,902.0283649519279,458.9965408595208,0.01847902409819425,1068.1069710757515
Mintlify,Nested file tree,desktop,4,https://context7.mintlify.dev/docs/docs7/components/tree,2026-09-17T10:45:43.048Z,13.4.1,89,469.7019880228085,942.0210414499452,260,0.01847902409819425,948.9498409345057
Mintlify,Nested file tree,desktop,5,https://context7.mintlify.dev/docs/docs7/components/tree,2026-09-17T10:52:52.136Z,13.4.1,90,470.8336344481836,942.0227647226453,236.49999999999955,0.01847902409819425,980.7185843532409
Mintlify,Nested file tree,desktop,6,https://context7.mintlify.dev/docs/docs7/components/tree,2026-09-17T10:55:52.560Z,13.4.1,94,462.7014909350288,942.0157805736486,188.0000000000001,0.01847902409819425,868.8065793990543
Mintlify,Nested file tree,desktop,7,https://context7.mintlify.dev/docs/docs7/components/tree,2026-09-17T11:01:17.498Z,13.4.1,79,477.9269565626469,902.0308726202034,444.99623504631654,0.01847902409819425,961.0924800363334
Mintlify,Nested file tree,desktop,8,https://context7.mintlify.dev/docs/docs7/components/tree,2026-09-17T11:04:20.913Z,13.4.1,97,461.19091030268646,982.0246857711827,106.00000000000023,0.01847902409819425,832.6772168628768
Mintlify,Nested file tree,desktop,9,https://context7.mintlify.dev/docs/docs7/components/tree,2026-09-17T11:09:49.556Z,13.4.1,95,467.58184794236604,982.0228767840922,158.50000000000023,0.01847902409819425,943.9828577104374
Mintlify,Nested file tree,desktop,10,https://context7.mintlify.dev/docs/docs7/components/tree,2026-09-17T11:13:02.756Z,13.4.1,94,464.7041708972335,942.0314792573931,185.00000000000023,0.018754635835017366,929.5619502558112
Docs7,Nested file tree,mobile,1,https://upstash-context7.docs7.io/docs/docs7/components/tree,2026-09-17T09:06:34.852Z,13.4.1,92,1351.0011755348426,3301.00335867098,21,0,2050.8106814775006
Docs7,Nested file tree,mobile,2,https://upstash-context7.docs7.io/docs/docs7/components/tree,2026-09-17T09:09:20.622Z,13.4.1,92,1351.0007412640891,3301.0021178973984,28,0,2084.295013167144
Docs7,Nested file tree,mobile,3,https://upstash-context7.docs7.io/docs/docs7/components/tree,2026-09-17T09:10:52.956Z,13.4.1,66,2263,7509.178785378662,212,0,5122.941098572819
Docs7,Nested file tree,mobile,4,https://upstash-context7.docs7.io/docs/docs7/components/tree,2026-09-17T10:45:32.042Z,13.4.1,68,2261,7319.004899101162,129,0,5230.054180922108
Docs7,Nested file tree,mobile,5,https://upstash-context7.docs7.io/docs/docs7/components/tree,2026-09-17T10:52:47.424Z,13.4.1,93,1351.000051587885,3151.00014002426,97,0,1959.9111839613308
Docs7,Nested file tree,mobile,6,https://upstash-context7.docs7.io/docs/docs7/components/tree,2026-09-17T10:55:41.108Z,13.4.1,94,1351,3076,14,0,1948.632172572417
Docs7,Nested file tree,mobile,7,https://upstash-context7.docs7.io/docs/docs7/components/tree,2026-09-17T11:01:09.884Z,13.4.1,59,2270.50403345685,7619.7422023822255,430,0,4849.928741531126
Docs7,Nested file tree,mobile,8,https://upstash-context7.docs7.io/docs/docs7/components/tree,2026-09-17T11:04:15.091Z,13.4.1,93,1351.0007422727701,3076.0019617208936,117.99994698051614,0,1828.0481652554556
Docs7,Nested file tree,mobile,9,https://upstash-context7.docs7.io/docs/docs7/components/tree,2026-09-17T11:09:42.352Z,13.4.1,70,2259.000333020044,7256.452547267424,108,0,5004.061078464079
Docs7,Nested file tree,mobile,10,https://upstash-context7.docs7.io/docs/docs7/components/tree,2026-09-17T11:12:51.769Z,13.4.1,91,1351.001612387613,3376.0047219922953,78.5,0,2930.3577674688922
Mintlify,Nested file tree,mobile,1,https://context7.mintlify.dev/docs/docs7/components/tree,2026-09-17T09:06:43.747Z,13.4.1,56,1694.8608624759436,10998.588000467276,537,0,5707.12919470584
Mintlify,Nested file tree,mobile,2,https://context7.mintlify.dev/docs/docs7/components/tree,2026-09-17T09:09:30.318Z,13.4.1,57,1694.765948758224,12093.948829661302,537,0,5099.08991117223
Mintlify,Nested file tree,mobile,3,https://context7.mintlify.dev/docs/docs7/components/tree,2026-09-17T09:10:56.548Z,13.4.1,55,1693.0895899923858,11844.876523182716,581,0,5401.613767672561
Mintlify,Nested file tree,mobile,4,https://context7.mintlify.dev/docs/docs7/components/tree,2026-09-17T10:45:34.311Z,13.4.1,62,3008.0132074577677,11643.291347378667,181,0,5818.140684811175
Mintlify,Nested file tree,mobile,5,https://context7.mintlify.dev/docs/docs7/components/tree,2026-09-17T10:52:50.855Z,13.4.1,57,3007.0212629791886,11865.836567832059,322,0,6103.119530669157
Mintlify,Nested file tree,mobile,6,https://context7.mintlify.dev/docs/docs7/components/tree,2026-09-17T10:55:46.836Z,13.4.1,63,3007.0197477471906,11473.556682973709,152,0,5863.273323427702
Mintlify,Nested file tree,mobile,7,https://context7.mintlify.dev/docs/docs7/components/tree,2026-09-17T11:01:10.079Z,13.4.1,59,1684.1512683293763,11719.39238384793,428,0,5467.3171458543675
Mintlify,Nested file tree,mobile,8,https://context7.mintlify.dev/docs/docs7/components/tree,2026-09-17T11:04:18.658Z,13.4.1,54,2860.0283349592737,11895.752885835045,458,0,6083.265018634109
Mintlify,Nested file tree,mobile,9,https://context7.mintlify.dev/docs/docs7/components/tree,2026-09-17T11:09:47.446Z,13.4.1,81,1678.9129577106396,3826.0306147286224,293.5,0,2523.1615602981306
Mintlify,Nested file tree,mobile,10,https://context7.mintlify.dev/docs/docs7/components/tree,2026-09-17T11:12:56.717Z,13.4.1,68,1683.7181977884666,9163.546315932956,189.5,0,4845.415139843811
Docs7,Release notes,desktop,1,https://upstash-context7.docs7.io/docs/docs7/components/updates,2026-09-17T09:06:56.716Z,13.4.1,97,321.01942002424926,521.0356033777904,138.99514499393763,0.001589500170567331,509.1233369606055
Docs7,Release notes,desktop,2,https://upstash-context7.docs7.io/docs/docs7/components/updates,2026-09-17T09:09:19.245Z,13.4.1,100,321.0157009336415,561.031401867283,70.4973831777263,0.0003802657627045801,372.43802712583266
Docs7,Release notes,desktop,3,https://upstash-context7.docs7.io/docs/docs7/components/updates,2026-09-17T09:11:22.435Z,13.4.1,88,321.0105368683752,661.0254640985733,290.99912192763543,0.0003802657627045801,475.74977511404796
Docs7,Release notes,desktop,4,https://upstash-context7.docs7.io/docs/docs7/components/updates,2026-09-17T10:45:29.608Z,13.4.1,94,321.0231374780259,641.0539874487273,187.99807187683132,0.0003802657627045801,453.0774557560517
Docs7,Release notes,desktop,5,https://upstash-context7.docs7.io/docs/docs7/components/updates,2026-09-17T10:52:57.967Z,13.4.1,96,321.00778262475137,661.0188080098158,155.99870289587477,0.0003802657627045801,473.6840641125937
Docs7,Release notes,desktop,6,https://upstash-context7.docs7.io/docs/docs7/components/updates,2026-09-17T10:55:37.397Z,13.4.1,97,321.0305743410472,641.0713401291101,148.9949042764921,0.0003802657627045801,438.7739472128658
Docs7,Release notes,desktop,7,https://upstash-context7.docs7.io/docs/docs7/components/updates,2026-09-17T11:01:26.739Z,13.4.1,99,321.009710182757,561.0194203655141,98.99838163620723,0.0003802657627045801,389.8099219166845
Docs7,Release notes,desktop,8,https://upstash-context7.docs7.io/docs/docs7/components/updates,2026-09-17T11:04:11.466Z,13.4.1,99,321.0082656986385,601.0179090137168,72.49862238356036,0.0003802657627045801,409.1554702497775
Docs7,Release notes,desktop,9,https://upstash-context7.docs7.io/docs/docs7/components/updates,2026-09-17T11:10:00.855Z,13.4.1,94,321.01435639675435,641.0334982590937,199.99880363360376,0.0003802657627045801,475.884719108464
Docs7,Release notes,desktop,10,https://upstash-context7.docs7.io/docs/docs7/components/updates,2026-09-17T11:12:51.794Z,13.4.1,90,321.0186540865045,623.5388626802178,261,0.0003802657627045801,842.5864423323906
Mintlify,Release notes,desktop,1,https://context7.mintlify.dev/docs/docs7/components/updates,2026-09-17T09:06:54.392Z,13.4.1,98,460.8320761967419,982.0299785991174,101.99999999999977,0.0188076057211536,797.1425163038498
Mintlify,Release notes,desktop,2,https://context7.mintlify.dev/docs/docs7/components/updates,2026-09-17T09:09:17.098Z,13.4.1,98,461.93815828881725,1022.035391730137,103.00000000000023,0.018754635835017366,707.7585676406865
Mintlify,Release notes,desktop,3,https://context7.mintlify.dev/docs/docs7/components/updates,2026-09-17T09:11:17.983Z,13.4.1,79,506.5965379679195,942.027943032195,439.4980504861254,0.01847902409819425,1108.7334658665973
Mintlify,Release notes,desktop,4,https://context7.mintlify.dev/docs/docs7/components/updates,2026-09-17T10:45:26.377Z,13.4.1,95,464.79220344905104,942.0279192066353,166.99999999999977,0.01847902409819425,1003.0313814828567
Mintlify,Release notes,desktop,5,https://context7.mintlify.dev/docs/docs7/components/updates,2026-09-17T10:52:57.450Z,13.4.1,93,489.70435569275486,922.0317175269679,195.00000000000023,0.01847902409819425,910.6655660265714
Mintlify,Release notes,desktop,6,https://context7.mintlify.dev/docs/docs7/components/updates,2026-09-17T10:55:36.662Z,13.4.1,93,464.92879641075564,982.0170797310735,200,0.018754635835017366,862.9963120976126
Mintlify,Release notes,desktop,7,https://context7.mintlify.dev/docs/docs7/components/updates,2026-09-17T11:01:25.913Z,13.4.1,98,460.52562154496195,842.0395233851527,96,0.01847902409819425,802.5451857978876
Mintlify,Release notes,desktop,8,https://context7.mintlify.dev/docs/docs7/components/updates,2026-09-17T11:04:07.551Z,13.4.1,99,459.4372986039524,602.017377539665,73.5,0.01882459977860569,836.9292056465772
Mintlify,Release notes,desktop,9,https://context7.mintlify.dev/docs/docs7/components/updates,2026-09-17T11:09:56.874Z,13.4.1,88,466.81254098361717,902.0240410685778,278.99999999999955,0.01847902409819425,935.7241732905428
Mintlify,Release notes,desktop,10,https://context7.mintlify.dev/docs/docs7/components/updates,2026-09-17T11:12:43.891Z,13.4.1,99,488.11865633352033,782.0225224158143,66.99999999999977,0.01847902409819425,762.4028633988596
Docs7,Release notes,mobile,1,https://upstash-context7.docs7.io/docs/docs7/components/updates,2026-09-17T09:06:53.580Z,13.4.1,97,1201.0087463644813,2551.0218659112033,54,0,1873.8836027444918
Docs7,Release notes,mobile,2,https://upstash-context7.docs7.io/docs/docs7/components/updates,2026-09-17T09:09:05.375Z,13.4.1,94,1201.0161830250786,2851.0458519043905,148.99865141457667,0,1778.040491178552
Docs7,Release notes,mobile,3,https://upstash-context7.docs7.io/docs/docs7/components/updates,2026-09-17T09:11:09.729Z,13.4.1,94,1201.0087462901106,3001.026238870333,95.5,0,1755.1112877233768
Docs7,Release notes,mobile,4,https://upstash-context7.docs7.io/docs/docs7/components/updates,2026-09-17T10:45:25.014Z,13.4.1,95,1202.0115809010367,2852.0328125529377,45.5,0,2317.6150484659447
Docs7,Release notes,mobile,5,https://upstash-context7.docs7.io/docs/docs7/components/updates,2026-09-17T10:52:56.446Z,13.4.1,65,2108.023002343183,7490.452460874772,287,0,4640.160441062151
Docs7,Release notes,mobile,6,https://upstash-context7.docs7.io/docs/docs7/components/updates,2026-09-17T10:55:35.066Z,13.4.1,97,1201.008860441074,2551.0221511026843,80,0,1818.1091945332241
Docs7,Release notes,mobile,7,https://upstash-context7.docs7.io/docs/docs7/components/updates,2026-09-17T11:01:23.877Z,13.4.1,62,2108.0221546216458,7612.453705997223,348.5,0,4780.986549814171
Docs7,Release notes,mobile,8,https://upstash-context7.docs7.io/docs/docs7/components/updates,2026-09-17T11:04:06.135Z,13.4.1,74,1202.0119831606648,7119.383990412989,131,0,3127.7260446010314
Docs7,Release notes,mobile,9,https://upstash-context7.docs7.io/docs/docs7/components/updates,2026-09-17T11:09:55.162Z,13.4.1,91,1201.021693030465,3226.070502349012,177.99819224746125,0,1785.3143497776794
Docs7,Release notes,mobile,10,https://upstash-context7.docs7.io/docs/docs7/components/updates,2026-09-17T11:12:42.633Z,13.4.1,61,2110.0155661400004,7704.033274239075,415.5,0,4603.144990758873
Mintlify,Release notes,mobile,1,https://context7.mintlify.dev/docs/docs7/components/updates,2026-09-17T09:06:51.446Z,13.4.1,77,1673.218997196913,5945,0,0,2826.2819908904075
Mintlify,Release notes,mobile,2,https://context7.mintlify.dev/docs/docs7/components/updates,2026-09-17T09:09:05.400Z,13.4.1,73,1689.3665323782989,4577.03245351999,394,0,2915.0803787790765
Mintlify,Release notes,mobile,3,https://context7.mintlify.dev/docs/docs7/components/updates,2026-09-17T09:11:02.281Z,13.4.1,36,1679.702121934683,6545.042004335641,9686.998481771,0,17777.42706410817
Mintlify,Release notes,mobile,4,https://context7.mintlify.dev/docs/docs7/components/updates,2026-09-17T10:45:22.695Z,13.4.1,74,1680.894901745727,4652.029351068621,368.5,0,2716.2823165118098
Mintlify,Release notes,mobile,5,https://context7.mintlify.dev/docs/docs7/components/updates,2026-09-17T10:52:54.098Z,13.4.1,85,1674.3763257636979,3827.020865496632,160.5,0,2692.63101384624
Mintlify,Release notes,mobile,6,https://context7.mintlify.dev/docs/docs7/components/updates,2026-09-17T10:55:34.871Z,13.4.1,61,3010.0173866685964,11525.236140938221,193,0,6458.645308801815
Mintlify,Release notes,mobile,7,https://context7.mintlify.dev/docs/docs7/components/updates,2026-09-17T11:01:18.915Z,13.4.1,82,1691.4156136677038,4577.046178351816,112,0,2598.3951266155304
Mintlify,Release notes,mobile,8,https://context7.mintlify.dev/docs/docs7/components/updates,2026-09-17T11:04:05.250Z,13.4.1,79,1674.6097138245723,5027.055023469351,134,0,2755.170073427475
Mintlify,Release notes,mobile,9,https://context7.mintlify.dev/docs/docs7/components/updates,2026-09-17T11:09:54.966Z,13.4.1,77,1681.6204435837317,4727.028493479476,258,0,2352.1264776053445
Mintlify,Release notes,mobile,10,https://context7.mintlify.dev/docs/docs7/components/updates,2026-09-17T11:12:38.153Z,13.4.1,61,3007.0448875800694,11555.631471743825,212,0,5895.68379486284
Docs7,Screenshot reference,desktop,1,https://upstash-docs.docs7.io/docs/redis/howto/metrics-and-charts,2026-09-17T08:58:55.697Z,13.4.1,87,281.0019143760315,601.0049773776818,297.9992342495873,0.000402528157040133,695.3519587007127
Docs7,Screenshot reference,desktop,2,https://upstash-docs.docs7.io/docs/redis/howto/metrics-and-charts,2026-09-17T09:01:58.888Z,13.4.1,97,281.0011346407709,661.0032904582357,139.5,0.000402528157040133,527.3609937208598
Docs7,Screenshot reference,desktop,3,https://upstash-docs.docs7.io/docs/redis/howto/metrics-and-charts,2026-09-17T09:16:08.720Z,13.4.1,99,281.0027153062659,581.0067882656648,89.00000000000011,0.000402528157040133,476.77680460358323
Docs7,Screenshot reference,desktop,4,https://upstash-docs.docs7.io/docs/redis/howto/metrics-and-charts,2026-09-17T10:48:26.605Z,13.4.1,77,288.0008898468949,528.0024470789609,547.4998887691384,0.000402528157040133,664.941257506924
Docs7,Screenshot reference,desktop,5,https://upstash-docs.docs7.io/docs/redis/howto/metrics-and-charts,2026-09-17T10:50:50.926Z,13.4.1,94,281.00151150506576,661.0043833646906,187.9999999999999,0.000402528157040133,780.3766789271667
Docs7,Screenshot reference,desktop,6,https://upstash-docs.docs7.io/docs/redis/howto/metrics-and-charts,2026-09-17T10:57:33.820Z,13.4.1,99,281.0011362735978,681.0034088207934,74,0.000402528157040133,494.83735534755385
Docs7,Screenshot reference,desktop,7,https://upstash-docs.docs7.io/docs/redis/howto/metrics-and-charts,2026-09-17T10:59:19.665Z,13.4.1,99,281.00232268217724,601.0060389736608,85.99999999999989,0.000402528157040133,541.6259470175283
Docs7,Screenshot reference,desktop,8,https://upstash-docs.docs7.io/docs/redis/howto/metrics-and-charts,2026-09-17T11:05:57.691Z,13.4.1,100,281.0023142846182,561.0055542830836,35,0.000402528157040133,451.53555191889325
Docs7,Screenshot reference,desktop,9,https://upstash-docs.docs7.io/docs/redis/howto/metrics-and-charts,2026-09-17T11:07:25.544Z,13.4.1,93,281.00113350281384,681.0034005084415,203.50000000000023,0.000402528157040133,559.2826679495599
Docs7,Screenshot reference,desktop,10,https://upstash-docs.docs7.io/docs/redis/howto/metrics-and-charts,2026-09-17T11:14:50.434Z,13.4.1,100,281.0031173274762,661.009040249681,58,0.000402528157040133,610.1617172983023
Mintlify,Screenshot reference,desktop,1,https://upstash.mintlify.dev/docs/redis/howto/metrics-and-charts,2026-09-17T08:58:56.145Z,13.4.1,77,522.5118143866939,1041.522888360527,488.5,0.0001466717881634331,973.8482443770015
Mintlify,Screenshot reference,desktop,2,https://upstash.mintlify.dev/docs/redis/howto/metrics-and-charts,2026-09-17T09:01:51.914Z,13.4.1,82,522.510836204771,1101.5227577056462,364.4999999999991,0.0001466717881634331,1090.2149347600248
Mintlify,Screenshot reference,desktop,3,https://upstash.mintlify.dev/docs/redis/howto/metrics-and-charts,2026-09-17T09:02:52.751Z,13.4.1,75,523.0103357751591,1041.0156301568431,554.5,0.0001466717881634331,1018.8298850783128
Mintlify,Screenshot reference,desktop,4,https://upstash.mintlify.dev/docs/redis/howto/metrics-and-charts,2026-09-17T10:48:26.326Z,13.4.1,75,523.9029111188297,1041.021205411572,555.5000000000005,0.0001466717881634331,1110.645638357053
Mintlify,Screenshot reference,desktop,5,https://upstash.mintlify.dev/docs/redis/howto/metrics-and-charts,2026-09-17T10:50:51.896Z,13.4.1,88,523.006874868163,1161.0116763153114,247.50000000000023,0.0001466717881634331,1022.94284806399
Mintlify,Screenshot reference,desktop,6,https://upstash.mintlify.dev/docs/redis/howto/metrics-and-charts,2026-09-17T10:57:40.900Z,13.4.1,95,524.0061534339466,1002.008145971226,155,0.0001466717881634331,928.428336288985
Mintlify,Screenshot reference,desktop,7,https://upstash.mintlify.dev/docs/redis/howto/metrics-and-charts,2026-09-17T10:59:20.976Z,13.4.1,73,523.0136638197445,1082.0163241929818,627.6511155923306,0.0001466717881634331,1082.825222267744
Mintlify,Screenshot reference,desktop,8,https://upstash.mintlify.dev/docs/redis/howto/metrics-and-charts,2026-09-17T11:06:08.109Z,13.4.1,90,524.0100224523712,1122.0173077324462,224.00000000000045,0.004118506652424369,1290.525336041443
Mintlify,Screenshot reference,desktop,9,https://upstash.mintlify.dev/docs/redis/howto/metrics-and-charts,2026-09-17T11:07:41.490Z,13.4.1,77,549.4292222315432,1041.5229422319258,479.0000000000009,0.0001466717881634331,1114.9745110186848
Mintlify,Screenshot reference,desktop,10,https://upstash.mintlify.dev/docs/redis/howto/metrics-and-charts,2026-09-17T11:14:50.932Z,13.4.1,89,523.009997876634,1141.0176211860994,234.50000000000023,0.0001466717881634331,1078.9085215251644
Docs7,Screenshot reference,mobile,1,https://upstash-docs.docs7.io/docs/redis/howto/metrics-and-charts,2026-09-17T08:58:39.484Z,13.4.1,81,1201.0022979672053,3301.007659890683,435.5,1.634059838726607e-06,3114.9422053277412
Docs7,Screenshot reference,mobile,2,https://upstash-docs.docs7.io/docs/redis/howto/metrics-and-charts,2026-09-17T09:01:42.920Z,13.4.1,59,3562.0051794606434,9422.732919229624,224,0,5811.609610258747
Docs7,Screenshot reference,mobile,3,https://upstash-docs.docs7.io/docs/redis/howto/metrics-and-charts,2026-09-17T09:02:53.207Z,13.4.1,78,1201.0018182534463,3001.00545476034,653.0000000000005,0,2551.47069552833
Docs7,Screenshot reference,mobile,4,https://upstash-docs.docs7.io/docs/redis/howto/metrics-and-charts,2026-09-17T10:48:24.917Z,13.4.1,56,3596.003902286803,9486.988847592376,330,0,5696.359158429909
Docs7,Screenshot reference,mobile,5,https://upstash-docs.docs7.io/docs/redis/howto/metrics-and-charts,2026-09-17T10:50:45.898Z,13.4.1,60,3563.005752119525,9435.7715757375,231.00000000000045,0,5430.100639988741
Docs7,Screenshot reference,mobile,6,https://upstash-docs.docs7.io/docs/redis/howto/metrics-and-charts,2026-09-17T10:57:29.549Z,13.4.1,58,3608.0039717444215,9523.867031787133,250,0,5823.05241398116
Docs7,Screenshot reference,mobile,7,https://upstash-docs.docs7.io/docs/redis/howto/metrics-and-charts,2026-09-17T10:59:17.118Z,13.4.1,93,1201.0022956108273,2926.00669553158,162.00000000000045,0,2301.2558941950274
Docs7,Screenshot reference,mobile,8,https://upstash-docs.docs7.io/docs/redis/howto/metrics-and-charts,2026-09-17T11:05:52.594Z,13.4.1,93,1201.002323588701,3226.0075516632787,69.5,0,1712.8632417447388
Docs7,Screenshot reference,mobile,9,https://upstash-docs.docs7.io/docs/redis/howto/metrics-and-charts,2026-09-17T11:07:20.093Z,13.4.1,88,1201.0060923333886,3376.0208154724096,225.99999999999955,0,2055.549742199752
Docs7,Screenshot reference,mobile,10,https://upstash-docs.docs7.io/docs/redis/howto/metrics-and-charts,2026-09-17T11:14:38.599Z,13.4.1,53,3593.003576902515,9556.421445616485,431.99999999999955,0,5309.7428129309155
Mintlify,Screenshot reference,mobile,1,https://upstash.mintlify.dev/docs/redis/howto/metrics-and-charts,2026-09-17T08:58:51.404Z,13.4.1,62,3555.0059188507284,12601.06064347351,185,0,4969.622819829646
Mintlify,Screenshot reference,mobile,2,https://upstash.mintlify.dev/docs/redis/howto/metrics-and-charts,2026-09-17T09:01:41.518Z,13.4.1,63,3554.5044306897375,13754.0439142697,122.5,0,5445.401261866847
Mintlify,Screenshot reference,mobile,3,https://upstash.mintlify.dev/docs/redis/howto/metrics-and-charts,2026-09-17T09:02:51.791Z,13.4.1,71,2102.0070219910294,6302.023406636761,183,0,3688.1796615697567
Mintlify,Screenshot reference,mobile,4,https://upstash.mintlify.dev/docs/redis/howto/metrics-and-charts,2026-09-17T10:48:25.759Z,13.4.1,40,3681.004377982824,10438.043359362535,1045.5,0,6040.290175047756
Mintlify,Screenshot reference,mobile,5,https://upstash.mintlify.dev/docs/redis/howto/metrics-and-charts,2026-09-17T10:50:49.555Z,13.4.1,49,4511.53124779248,14867.753368195143,424,0,7080.212638917368
Mintlify,Screenshot reference,mobile,6,https://upstash.mintlify.dev/docs/redis/howto/metrics-and-charts,2026-09-17T10:57:32.251Z,13.4.1,47,2101.011545263415,8343.050510527442,885.9999999999991,0,6803.901723512434
Mintlify,Screenshot reference,mobile,7,https://upstash.mintlify.dev/docs/redis/howto/metrics-and-charts,2026-09-17T10:59:18.931Z,13.4.1,49,3645.005093592702,13985.538640118779,500,0,6800.243398731727
Mintlify,Screenshot reference,mobile,8,https://upstash.mintlify.dev/docs/redis/howto/metrics-and-charts,2026-09-17T11:05:53.253Z,13.4.1,62,3569.004460292646,12181.059782277689,193,0,5026.244543511148
Mintlify,Screenshot reference,mobile,9,https://upstash.mintlify.dev/docs/redis/howto/metrics-and-charts,2026-09-17T11:07:22.350Z,13.4.1,52,4508.518625260707,13936.043902400237,353.5,0,7095.4343427344575
Mintlify,Screenshot reference,mobile,10,https://upstash.mintlify.dev/docs/redis/howto/metrics-and-charts,2026-09-17T11:14:50.659Z,13.4.1,48,3653.5066122775424,14051.558985815256,528,0,6594.05288295579
Docs7,Long API reference,desktop,1,https://upstash-docs.docs7.io/docs/redis/features/restapi,2026-09-17T08:59:12.730Z,13.4.1,93,401,721,218.5,0.000402528157040133,657.9905952296382
Docs7,Long API reference,desktop,2,https://upstash-docs.docs7.io/docs/redis/features/restapi,2026-09-17T09:01:31.567Z,13.4.1,69,302.00073129778343,839.5027058017985,1410.4999999999998,0.005171945300265655,1208.7321773313447
Docs7,Long API reference,desktop,3,https://upstash-docs.docs7.io/docs/redis/features/restapi,2026-09-17T09:03:14.548Z,13.4.1,78,294.00034692475566,671.0010060817913,495.4999999999997,0.000402528157040133,865.8118447393625
Docs7,Long API reference,desktop,4,https://upstash-docs.docs7.io/docs/redis/features/restapi,2026-09-17T10:48:20.207Z,13.4.1,93,401,581,214.00000000000023,0.000402528157040133,658.9442406144794
Docs7,Long API reference,desktop,5,https://upstash-docs.docs7.io/docs/redis/features/restapi,2026-09-17T10:51:05.057Z,13.4.1,97,401,601,137,0.000402528157040133,653.9089889826392
Docs7,Long API reference,desktop,6,https://upstash-docs.docs7.io/docs/redis/features/restapi,2026-09-17T10:57:27.251Z,13.4.1,100,286.00075981933605,641.002127494141,48.999999999999886,0.000402528157040133,707.5170220635258
Docs7,Long API reference,desktop,7,https://upstash-docs.docs7.io/docs/redis/features/restapi,2026-09-17T10:59:36.545Z,13.4.1,78,401.0005274374723,681.0009889452606,508.84868548527174,0.000402528157040133,917.9830048895499
Docs7,Long API reference,desktop,8,https://upstash-docs.docs7.io/docs/redis/features/restapi,2026-09-17T11:05:51.498Z,13.4.1,93,481,861,209,0.000402528157040133,755.1102600687327
Docs7,Long API reference,desktop,9,https://upstash-docs.docs7.io/docs/redis/features/restapi,2026-09-17T11:08:08.734Z,13.4.1,90,481,841,249.5,0.000402528157040133,743.5082440455565
Docs7,Long API reference,desktop,10,https://upstash-docs.docs7.io/docs/redis/features/restapi,2026-09-17T11:14:36.268Z,13.4.1,96,481.0015197116875,861.0029634377906,149.5,0.000402528157040133,671.2122906650143
Mintlify,Long API reference,desktop,1,https://upstash.mintlify.dev/docs/redis/features/restapi,2026-09-17T08:59:05.310Z,13.4.1,92,523.0088341157397,1221.0179965688471,173.00000000000045,0.0001466717881634331,1153.6149327739051
Mintlify,Long API reference,desktop,2,https://upstash.mintlify.dev/docs/redis/features/restapi,2026-09-17T09:01:34.651Z,13.4.1,87,523.0115281125453,1002.0451784273954,275.4999999999992,0.0001466717881634331,1095.951684077107
Mintlify,Long API reference,desktop,3,https://upstash.mintlify.dev/docs/redis/features/restapi,2026-09-17T09:03:11.561Z,13.4.1,80,523.0081085871975,1122.0143141841204,412.999999999999,0.0002756117368231141,1085.5520286150675
Mintlify,Long API reference,desktop,4,https://upstash.mintlify.dev/docs/redis/features/restapi,2026-09-17T10:48:08.690Z,13.4.1,72,546.2357490398344,1142.0137222385663,630.9987054491919,0.0001466717881634331,1385.220984157339
Mintlify,Long API reference,desktop,5,https://upstash.mintlify.dev/docs/redis/features/restapi,2026-09-17T10:51:03.189Z,13.4.1,74,523.0098738350093,1101.0246828926615,580.4970961302754,0.0002756117368231141,1037.9904459839402
Mintlify,Long API reference,desktop,6,https://upstash.mintlify.dev/docs/redis/features/restapi,2026-09-17T10:57:26.173Z,13.4.1,89,552.0117414974724,1042.021130897277,249.99999999999932,0.0001466717881634331,1050.2268142949995
Mintlify,Long API reference,desktop,7,https://upstash.mintlify.dev/docs/redis/features/restapi,2026-09-17T10:59:34.503Z,13.4.1,86,530.6210123689427,1342.017371970306,246,0.0001466717881634331,1217.5050435063308
Mintlify,Long API reference,desktop,8,https://upstash.mintlify.dev/docs/redis/features/restapi,2026-09-17T11:05:49.479Z,13.4.1,88,523.0047873685572,1082.0137596026066,264.00000000000045,0.0002756117368231141,1090.5835130401597
Mintlify,Long API reference,desktop,9,https://upstash.mintlify.dev/docs/redis/features/restapi,2026-09-17T11:08:08.527Z,13.4.1,94,721.0012085872596,1181.0066472299277,132.0000000000001,0,1275.5214648298088
Mintlify,Long API reference,desktop,10,https://upstash.mintlify.dev/docs/redis/features/restapi,2026-09-17T11:14:36.094Z,13.4.1,85,538.7794924965428,1181.010766539313,285.9999999999993,0.0001466717881634331,1210.5223552107427
Docs7,Long API reference,mobile,1,https://upstash-docs.docs7.io/docs/redis/features/restapi,2026-09-17T08:59:01.548Z,13.4.1,40,4679.001856989377,7266.502984447213,1057.5,0,5966.4653081169745
Docs7,Long API reference,mobile,2,https://upstash-docs.docs7.io/docs/redis/features/restapi,2026-09-17T09:01:23.979Z,13.4.1,68,1351.0010260948843,4126.003737917079,746.9997068300331,0,2643.9749193283205
Docs7,Long API reference,mobile,3,https://upstash-docs.docs7.io/docs/redis/features/restapi,2026-09-17T09:03:03.920Z,13.4.1,57,5190,10830.398503430115,200,0,6261.382539809895
Docs7,Long API reference,mobile,4,https://upstash-docs.docs7.io/docs/redis/features/restapi,2026-09-17T10:48:08.155Z,13.4.1,57,5190.002329255435,10768.663495113025,205,0,5957.675955038436
Docs7,Long API reference,mobile,5,https://upstash-docs.docs7.io/docs/redis/features/restapi,2026-09-17T10:50:59.472Z,13.4.1,48,5198.004740878115,11238.42104933064,486.5,0,5954.043598562306
Docs7,Long API reference,mobile,6,https://upstash-docs.docs7.io/docs/redis/features/restapi,2026-09-17T10:57:24.677Z,13.4.1,63,4558.004220146978,10603.270635471355,117,0,4558.004220146978
Docs7,Long API reference,mobile,7,https://upstash-docs.docs7.io/docs/redis/features/restapi,2026-09-17T10:59:30.798Z,13.4.1,47,5194,11374.639279996427,540.5,0,5867.163993560687
Docs7,Long API reference,mobile,8,https://upstash-docs.docs7.io/docs/redis/features/restapi,2026-09-17T11:05:46.570Z,13.4.1,39,5127,7389,1077.5,0,6059.080978830922
Docs7,Long API reference,mobile,9,https://upstash-docs.docs7.io/docs/redis/features/restapi,2026-09-17T11:07:49.594Z,13.4.1,59,5188,11056.123851549464,159,0,5898.833295455872
Docs7,Long API reference,mobile,10,https://upstash-docs.docs7.io/docs/redis/features/restapi,2026-09-17T11:14:36.465Z,13.4.1,67,1351,4801,581,0,2628.946141258863
Mintlify,Long API reference,mobile,1,https://upstash.mintlify.dev/docs/redis/features/restapi,2026-09-17T08:58:56.432Z,13.4.1,48,3737.5037034367374,11270.530622996275,544.5,0,6504.585150336881
Mintlify,Long API reference,mobile,2,https://upstash.mintlify.dev/docs/redis/features/restapi,2026-09-17T09:01:24.606Z,13.4.1,43,2252.0149148370247,8500.060232995675,1194,0,6621.69621767163
Mintlify,Long API reference,mobile,3,https://upstash.mintlify.dev/docs/redis/features/restapi,2026-09-17T09:02:52.424Z,13.4.1,52,4664.01363792615,14362.531273175482,334,0,6870.010910850562
Mintlify,Long API reference,mobile,4,https://upstash.mintlify.dev/docs/redis/features/restapi,2026-09-17T10:48:08.727Z,13.4.1,46,2252.0040245788523,8574.01609831541,952,0,6259.351123060503
Mintlify,Long API reference,mobile,5,https://upstash.mintlify.dev/docs/redis/features/restapi,2026-09-17T10:50:56.711Z,13.4.1,38,2252.009938489685,9041.040518457947,2417.0000000000055,0,7025.958155991612
Mintlify,Long API reference,mobile,6,https://upstash.mintlify.dev/docs/redis/features/restapi,2026-09-17T10:57:22.612Z,13.4.1,46,3743.00418290039,11259.036258708615,617,0,6869.786694337481
Mintlify,Long API reference,mobile,7,https://upstash.mintlify.dev/docs/redis/features/restapi,2026-09-17T10:59:24.065Z,13.4.1,44,2252.005683843077,8478.522953981661,1066.9999999999982,0,6561.890496481363
Mintlify,Long API reference,mobile,8,https://upstash.mintlify.dev/docs/redis/features/restapi,2026-09-17T11:05:44.260Z,13.4.1,47,3748.0053036426057,9616.030605944921,625.5,0,6130.891747723559
Mintlify,Long API reference,mobile,9,https://upstash.mintlify.dev/docs/redis/features/restapi,2026-09-17T11:07:47.253Z,13.4.1,64,2251.0055368213066,8144.021934330557,282.5,0,4981.069624619115
Mintlify,Long API reference,mobile,10,https://upstash.mintlify.dev/docs/redis/features/restapi,2026-09-17T11:14:33.457Z,13.4.1,48,3719.0061620011325,13495.030792799345,512.5,0,6845.044845944323
Docs7,Retry guide and formulas,desktop,1,https://upstash-docs.docs7.io/docs/qstash/features/retry,2026-09-17T09:07:53.970Z,13.4.1,100,281.0020922725349,461.00397531781636,36.5,0.000402528157040133,506.69536287398654
Docs7,Retry guide and formulas,desktop,2,https://upstash-docs.docs7.io/docs/qstash/features/retry,2026-09-17T09:08:35.663Z,13.4.1,100,281.0023884703529,621.0064488699529,38,0.000402528157040133,523.0947182679946
Docs7,Retry guide and formulas,desktop,3,https://upstash-docs.docs7.io/docs/qstash/features/retry,2026-09-17T09:12:18.382Z,13.4.1,83,281.00149381413496,701.0046308238184,382.4983568044514,0.000402528157040133,806.4792086489701
Docs7,Retry guide and formulas,desktop,4,https://upstash-docs.docs7.io/docs/qstash/features/retry,2026-09-17T10:44:46.307Z,13.4.1,99,281.0016908519917,521.0037198743819,103.99999999999989,0.00170324865851704,711.3561826368764
Docs7,Retry guide and formulas,desktop,5,https://upstash-docs.docs7.io/docs/qstash/features/retry,2026-09-17T10:53:32.021Z,13.4.1,97,281.0269637297104,581.0674093242762,151.99999999999977,0.000402528157040133,738.2518823183843
Docs7,Retry guide and formulas,desktop,6,https://upstash-docs.docs7.io/docs/qstash/features/retry,2026-09-17T10:54:07.793Z,13.4.1,95,281.00159016742583,561.0038164018222,180.5,0.000402528157040133,565.1684561333295
Docs7,Retry guide and formulas,desktop,7,https://upstash-docs.docs7.io/docs/qstash/features/retry,2026-09-17T11:01:56.584Z,13.4.1,100,281.00128962331,601.0033530206063,40,0.000402528157040133,509.9976920861479
Docs7,Retry guide and formulas,desktop,8,https://upstash-docs.docs7.io/docs/qstash/features/retry,2026-09-17T11:03:48.935Z,13.4.1,70,281,601,1204,0.000402528157040133,887.7158090976295
Docs7,Retry guide and formulas,desktop,9,https://upstash-docs.docs7.io/docs/qstash/features/retry,2026-09-17T11:10:40.890Z,13.4.1,79,281.00119511907087,581.0029877976773,476.99737073804397,0.000402528157040133,925.8540017269942
Docs7,Retry guide and formulas,desktop,10,https://upstash-docs.docs7.io/docs/qstash/features/retry,2026-09-17T11:12:21.457Z,13.4.1,99,281.00268460096294,581.0067115024075,109.5,0.000402528157040133,602.8092210793488
Mintlify,Retry guide and formulas,desktop,1,https://upstash.mintlify.dev/docs/qstash/features/retry,2026-09-17T09:08:01.341Z,13.4.1,70,523.0100812958592,1002.0185353821721,919.9999999999998,0.002263701153345994,1099.3340181267681
Mintlify,Retry guide and formulas,desktop,2,https://upstash.mintlify.dev/docs/qstash/features/retry,2026-09-17T09:15:21.583Z,13.4.1,76,524.008779097476,1022.0080350114031,513.499316169242,0.0002756117368231141,1095.5600593824538
Mintlify,Retry guide and formulas,desktop,3,https://upstash.mintlify.dev/docs/qstash/features/retry,2026-09-17T09:12:24.542Z,13.4.1,99,523.0075665215138,822.0081655715647,93,0.0001466717881634331,872.826488494016
Mintlify,Retry guide and formulas,desktop,4,https://upstash.mintlify.dev/docs/qstash/features/retry,2026-09-17T10:44:46.574Z,13.4.1,84,524.0117545977021,1062.0215020751268,327.4999999999999,0.0002756117368231141,914.5714658410893
Mintlify,Retry guide and formulas,desktop,5,https://upstash.mintlify.dev/docs/qstash/features/retry,2026-09-17T10:53:35.324Z,13.4.1,91,523.0091567560955,1122.0231097262651,213.5000000000001,0.0001466717881634331,992.1571885609077
Mintlify,Retry guide and formulas,desktop,6,https://upstash.mintlify.dev/docs/qstash/features/retry,2026-09-17T10:55:08.177Z,13.4.1,86,535.8676080589738,1002.015148936842,290.99999999999943,0.0002756117368231141,926.4484634498224
Mintlify,Retry guide and formulas,desktop,7,https://upstash.mintlify.dev/docs/qstash/features/retry,2026-09-17T11:02:00.549Z,13.4.1,95,529.634308322987,1302.0202061030895,120.00000000000023,0.0001466717881634331,923.6303108618133
Mintlify,Retry guide and formulas,desktop,8,https://upstash.mintlify.dev/docs/qstash/features/retry,2026-09-17T11:02:49.396Z,13.4.1,80,525.014745113637,1023.0316352032182,417.5000000000001,0.002133010285075761,917.2583523360224
Mintlify,Retry guide and formulas,desktop,9,https://upstash.mintlify.dev/docs/qstash/features/retry,2026-09-17T11:10:42.298Z,13.4.1,96,524.0075805062033,1022.0120469742021,133.5,0.0001466717881634331,944.6674554011684
Mintlify,Retry guide and formulas,desktop,10,https://upstash.mintlify.dev/docs/qstash/features/retry,2026-09-17T11:12:17.020Z,13.4.1,79,523.012416130729,1002.0323222815307,451.99648670852946,0.0001466717881634331,896.7858579199701
Docs7,Retry guide and formulas,mobile,1,https://upstash-docs.docs7.io/docs/qstash/features/retry,2026-09-17T09:07:42.639Z,13.4.1,61,3538.0022112517418,9716.207579837352,170,0,5665.482608936771
Docs7,Retry guide and formulas,mobile,2,https://upstash-docs.docs7.io/docs/qstash/features/retry,2026-09-17T09:08:32.039Z,13.4.1,62,2983.0015998216886,9484.558537193372,297.99999999999955,0.02230728905215599,3778.4827912653104
Docs7,Retry guide and formulas,mobile,3,https://upstash-docs.docs7.io/docs/qstash/features/retry,2026-09-17T09:12:10.153Z,13.4.1,80,1201.0035766193982,3301.01192206466,455.99970194838306,0,2637.510243137215
Docs7,Retry guide and formulas,mobile,4,https://upstash-docs.docs7.io/docs/qstash/features/retry,2026-09-17T10:44:46.437Z,13.4.1,59,3573.004844081551,9548.007933104831,270,0,5395.032912565511
Docs7,Retry guide and formulas,mobile,5,https://upstash-docs.docs7.io/docs/qstash/features/retry,2026-09-17T10:53:30.833Z,13.4.1,63,3527.0108442483925,9302.300333184521,126,0,5724.077884706125
Docs7,Retry guide and formulas,mobile,6,https://upstash-docs.docs7.io/docs/qstash/features/retry,2026-09-17T10:55:08.060Z,13.4.1,98,1201.0028659683417,2101.005731936684,99.49999999999955,0,1907.7715771507374
Docs7,Retry guide and formulas,mobile,7,https://upstash-docs.docs7.io/docs/qstash/features/retry,2026-09-17T11:01:52.236Z,13.4.1,65,2960.000717064788,9231.939406309826,211,0,3833.9707566083634
Docs7,Retry guide and formulas,mobile,8,https://upstash-docs.docs7.io/docs/qstash/features/retry,2026-09-17T11:03:49.404Z,13.4.1,88,1201.0023845905826,3301.0079486352756,216.99999999999955,0,2193.5070088831108
Docs7,Retry guide and formulas,mobile,9,https://upstash-docs.docs7.io/docs/qstash/features/retry,2026-09-17T11:10:29.292Z,13.4.1,88,1201.0010656837349,2326.002397788403,426,0,2264.3325048887073
Docs7,Retry guide and formulas,mobile,10,https://upstash-docs.docs7.io/docs/qstash/features/retry,2026-09-17T11:12:17.167Z,13.4.1,88,1201.0010789918047,3076.003326891399,271.50000000000045,0,2338.1702379430467
Mintlify,Retry guide and formulas,mobile,1,https://upstash.mintlify.dev/docs/qstash/features/retry,2026-09-17T09:07:50.581Z,13.4.1,58,3540.0071071375796,10520.080432287672,296.5,0,5066.656214788873
Mintlify,Retry guide and formulas,mobile,2,https://upstash.mintlify.dev/docs/qstash/features/retry,2026-09-17T09:08:33.769Z,13.4.1,40,2102.009613475161,7876.040056146507,1850.9999999999982,0,6880.262960390781
Mintlify,Retry guide and formulas,mobile,3,https://upstash.mintlify.dev/docs/qstash/features/retry,2026-09-17T09:12:18.089Z,13.4.1,46,3681.5065975527423,11043.560992801915,588.4999999999982,0,7224.20179590793
Mintlify,Retry guide and formulas,mobile,4,https://upstash.mintlify.dev/docs/qstash/features/retry,2026-09-17T10:44:45.931Z,13.4.1,60,3600.005543944054,10592.044858939664,229,0,4939.709823868946
Mintlify,Retry guide and formulas,mobile,5,https://upstash.mintlify.dev/docs/qstash/features/retry,2026-09-17T10:53:31.379Z,13.4.1,46,3631.0116082646005,13693.13768619678,618.9999999999982,0,6544.237018851718
Mintlify,Retry guide and formulas,mobile,6,https://upstash.mintlify.dev/docs/qstash/features/retry,2026-09-17T10:55:08.358Z,13.4.1,46,4670.023619635622,14294.434871731293,542,0,6992.039826230852
Mintlify,Retry guide and formulas,mobile,7,https://upstash.mintlify.dev/docs/qstash/features/retry,2026-09-17T11:01:52.883Z,13.4.1,49,3603.504374557243,13510.042657422207,498.5,0,6628.978055404267
Mintlify,Retry guide and formulas,mobile,8,https://upstash.mintlify.dev/docs/qstash/features/retry,2026-09-17T11:02:49.242Z,13.4.1,46,3694.0047265827247,10996.034673222699,606.0000000000018,0,7000.936590042116
Mintlify,Retry guide and formulas,mobile,9,https://upstash.mintlify.dev/docs/qstash/features/retry,2026-09-17T11:10:29.647Z,13.4.1,46,3626.003564658912,13781.032470870752,637,0,6696.166888991755
Mintlify,Retry guide and formulas,mobile,10,https://upstash.mintlify.dev/docs/qstash/features/retry,2026-09-17T11:12:16.657Z,13.4.1,57,2102.0160158853196,9309.077410112372,457.5000000000018,0,5571.173808982009
Docs7,Scheduling guide,desktop,1,https://upstash-docs.docs7.io/docs/qstash/features/schedules,2026-09-17T09:07:41.440Z,13.4.1,97,281.00144518205275,581.0036129551319,141.9999999999999,0.000402528157040133,502.20755146200025
Docs7,Scheduling guide,desktop,2,https://upstash-docs.docs7.io/docs/qstash/features/schedules,2026-09-17T09:08:50.085Z,13.4.1,100,281.00228812961524,641.0064067629227,50.500000000000114,0.000402528157040133,493.69236274854165
Docs7,Scheduling guide,desktop,3,https://upstash-docs.docs7.io/docs/qstash/features/schedules,2026-09-17T09:12:09.296Z,13.4.1,95,288.00241608501244,561.0072482550373,180.49865237384904,0.000402528157040133,612.7482564368684
Docs7,Scheduling guide,desktop,4,https://upstash-docs.docs7.io/docs/qstash/features/schedules,2026-09-17T10:45:07.088Z,13.4.1,86,281.0014451609755,541.0033238702435,329.9994219356098,0.000402528157040133,553.4113935159053
Docs7,Scheduling guide,desktop,5,https://upstash-docs.docs7.io/docs/qstash/features/schedules,2026-09-17T10:53:22.555Z,13.4.1,95,281.0002811696892,641.0007872751297,180.49985941515524,0.000402528157040133,581.0793719212097
Docs7,Scheduling guide,desktop,6,https://upstash-docs.docs7.io/docs/qstash/features/schedules,2026-09-17T10:55:21.704Z,13.4.1,100,281.0014852721674,601.003861707635,34.5,0.000402528157040133,513.8594851329233
Docs7,Scheduling guide,desktop,7,https://upstash-docs.docs7.io/docs/qstash/features/schedules,2026-09-17T11:01:48.887Z,13.4.1,94,281.0014850418174,601.0038611087252,190.50000000000023,0.000402528157040133,565.6219021555186
Docs7,Scheduling guide,desktop,8,https://upstash-docs.docs7.io/docs/qstash/features/schedules,2026-09-17T11:03:29.677Z,13.4.1,94,281.00145606132094,541.0033489410382,204.0000000000001,0.000402528157040133,541.4628772816407
Docs7,Scheduling guide,desktop,9,https://upstash-docs.docs7.io/docs/qstash/features/schedules,2026-09-17T11:10:26.080Z,13.4.1,79,281.00224809793775,701.0069691036072,480.49999999999966,0.000402528157040133,704.2287754083991
Docs7,Scheduling guide,desktop,10,https://upstash-docs.docs7.io/docs/qstash/features/schedules,2026-09-17T11:12:04.913Z,13.4.1,87,281.00182017207976,501.0038223613675,320.9990899139601,0.000402528157040133,691.4488892876121
Mintlify,Scheduling guide,desktop,1,https://upstash.mintlify.dev/docs/qstash/features/schedules,2026-09-17T09:07:32.316Z,13.4.1,96,524.0058200083041,1021.0162775880549,123.99999999999977,0.0001466717881634331,1014.048421026127
Mintlify,Scheduling guide,desktop,2,https://upstash.mintlify.dev/docs/qstash/features/schedules,2026-09-17T09:08:45.777Z,13.4.1,95,524.004416467845,1022.0142498441235,155.50000000000045,0.0001466717881634331,852.2259771288802
Mintlify,Scheduling guide,desktop,3,https://upstash.mintlify.dev/docs/qstash/features/schedules,2026-09-17T09:12:05.437Z,13.4.1,94,530.8144109880402,702.0094427523197,189.00000000000023,0.0001466717881634331,918.0696153402537
Mintlify,Scheduling guide,desktop,4,https://upstash.mintlify.dev/docs/qstash/features/schedules,2026-09-17T10:45:05.947Z,13.4.1,95,523.0043940887206,902.010965167357,160.00000000000023,0.0001466717881634331,857.0621346973895
Mintlify,Scheduling guide,desktop,5,https://upstash.mintlify.dev/docs/qstash/features/schedules,2026-09-17T10:53:14.868Z,13.4.1,93,524.0042678997698,1082.021061206041,190.99999999999977,0.0002756117368231141,847.5257657939235
Mintlify,Scheduling guide,desktop,6,https://upstash.mintlify.dev/docs/qstash/features/schedules,2026-09-17T10:55:06.396Z,13.4.1,90,524.0204630792258,1062.041652350828,235.49999999999932,0.0002756117368231141,867.7680085547725
Mintlify,Scheduling guide,desktop,7,https://upstash.mintlify.dev/docs/qstash/features/schedules,2026-09-17T11:01:46.780Z,13.4.1,84,523.0126208466274,1162.0247753177327,309.4999999999998,0.0001466717881634331,1053.1613398471702
Mintlify,Scheduling guide,desktop,8,https://upstash.mintlify.dev/docs/qstash/features/schedules,2026-09-17T11:03:22.169Z,13.4.1,89,524.0149367462744,1042.0426069825287,247.99999999999943,0.0002756117368231141,915.0675028933674
Mintlify,Scheduling guide,desktop,9,https://upstash.mintlify.dev/docs/qstash/features/schedules,2026-09-17T11:10:21.488Z,13.4.1,76,524.0104644004791,1062.016635034557,531.9999999999994,0.0002756117368231141,942.2497935714398
Mintlify,Scheduling guide,desktop,10,https://upstash.mintlify.dev/docs/qstash/features/schedules,2026-09-17T11:12:02.886Z,13.4.1,76,524.0118360080105,982.0275634255597,530.9969373971599,0.0001466717881634331,984.6051458863822
Docs7,Scheduling guide,mobile,1,https://upstash-docs.docs7.io/docs/qstash/features/schedules,2026-09-17T09:07:18.966Z,13.4.1,56,3582.0005537596244,9500.242587368997,327.5,0,5420.529168180281
Docs7,Scheduling guide,mobile,2,https://upstash-docs.docs7.io/docs/qstash/features/schedules,2026-09-17T09:08:44.011Z,13.4.1,90,1201.0017890331533,3376.0061125299408,156.5,0,2311.2447470606153
Docs7,Scheduling guide,mobile,3,https://upstash-docs.docs7.io/docs/qstash/features/schedules,2026-09-17T09:12:00.589Z,13.4.1,59,3550.0018049347236,9714.800587084832,232,0,5789.56596284168
Docs7,Scheduling guide,mobile,4,https://upstash-docs.docs7.io/docs/qstash/features/schedules,2026-09-17T10:45:06.428Z,13.4.1,86,1201.0021841603102,2401.005096374057,444.9998179866416,0,2542.7602811000743
Docs7,Scheduling guide,mobile,5,https://upstash-docs.docs7.io/docs/qstash/features/schedules,2026-09-17T10:53:15.419Z,13.4.1,52,3642.0038492121976,9621.909740004094,475.99999999999955,0,5356.112391647668
Docs7,Scheduling guide,mobile,6,https://upstash-docs.docs7.io/docs/qstash/features/schedules,2026-09-17T10:54:45.732Z,13.4.1,88,1201.0026496046567,2326.0059616104772,423.99999999999955,0,2172.6177640091637
Docs7,Scheduling guide,mobile,7,https://upstash-docs.docs7.io/docs/qstash/features/schedules,2026-09-17T11:01:46.138Z,13.4.1,52,3618.014649161003,9529.133469768623,477.5,0,5309.626056984643
Docs7,Scheduling guide,mobile,8,https://upstash-docs.docs7.io/docs/qstash/features/schedules,2026-09-17T11:03:16.571Z,13.4.1,53,3628.001164964868,9498.406235667982,447.00000000000045,0,5203.862697393786
Docs7,Scheduling guide,mobile,9,https://upstash-docs.docs7.io/docs/qstash/features/schedules,2026-09-17T11:10:19.453Z,13.4.1,85,1201.0040945702358,2851.0116012823355,413,0,2376.6435217991193
Docs7,Scheduling guide,mobile,10,https://upstash-docs.docs7.io/docs/qstash/features/schedules,2026-09-17T11:11:42.175Z,13.4.1,87,1201.0013101921268,3376.004476489767,246,0,2408.6765197958725
Mintlify,Scheduling guide,mobile,1,https://upstash.mintlify.dev/docs/qstash/features/schedules,2026-09-17T09:07:19.407Z,13.4.1,44,2102.0118330793393,8009.548811452272,1130.999999999999,0,6955.055235744425
Mintlify,Scheduling guide,mobile,2,https://upstash.mintlify.dev/docs/qstash/features/schedules,2026-09-17T09:08:43.503Z,13.4.1,74,2102.0073272165246,5477.021065747509,180,0,3466.254740660915
Mintlify,Scheduling guide,mobile,3,https://upstash.mintlify.dev/docs/qstash/features/schedules,2026-09-17T09:11:47.931Z,13.4.1,46,3653.006400865371,12339.054847395912,631,0,6369.696141643606
Mintlify,Scheduling guide,mobile,4,https://upstash.mintlify.dev/docs/qstash/features/schedules,2026-09-17T10:45:04.162Z,13.4.1,61,2101.0081603388485,5026.021420889476,716.5,0,3501.0784923115993
Mintlify,Scheduling guide,mobile,5,https://upstash.mintlify.dev/docs/qstash/features/schedules,2026-09-17T10:53:14.447Z,13.4.1,46,3624.505217948097,13726.039103737909,622,0,6686.416200302489
Mintlify,Scheduling guide,mobile,6,https://upstash.mintlify.dev/docs/qstash/features/schedules,2026-09-17T10:54:28.163Z,13.4.1,56,4665.049153801735,14162.422134816703,215,0,6816.152604883171
Mintlify,Scheduling guide,mobile,7,https://upstash.mintlify.dev/docs/qstash/features/schedules,2026-09-17T11:01:40.000Z,13.4.1,63,2101.004517277259,7841.518633768694,325,0,4935.727781638329
Mintlify,Scheduling guide,mobile,8,https://upstash.mintlify.dev/docs/qstash/features/schedules,2026-09-17T11:03:11.044Z,13.4.1,81,2102.011083118167,3827.0217044397446,233,0,3346.0804533151477
Mintlify,Scheduling guide,mobile,9,https://upstash.mintlify.dev/docs/qstash/features/schedules,2026-09-17T11:10:18.579Z,13.4.1,48,3640.0045019595054,13532.043620677388,532.5000000000018,0,6752.8143922374165
Mintlify,Scheduling guide,mobile,10,https://upstash.mintlify.dev/docs/qstash/features/schedules,2026-09-17T11:11:32.242Z,13.4.1,46,3632.0026001010738,11452.037441455455,643.4999999999982,0,6635.671634725413
Docs7,SDK setup guide,desktop,1,https://upstash-docs.docs7.io/docs/redis/sdks/ts/getstarted,2026-09-17T09:08:10.772Z,13.4.1,100,281.00163563260145,586.5040890815036,67,0.0013451487024795387,704.0644641590025
Docs7,SDK setup guide,desktop,2,https://upstash-docs.docs7.io/docs/redis/sdks/ts/getstarted,2026-09-17T09:15:21.049Z,13.4.1,100,281.0020212557928,641.0056595162198,60,0.000402528157040133,694.7289791404444
Docs7,SDK setup guide,desktop,3,https://upstash-docs.docs7.io/docs/redis/sdks/ts/getstarted,2026-09-17T09:12:43.192Z,13.4.1,100,281.002021278506,561.0048510684145,47.499999999999886,0.000402528157040133,729.8194818325705
Docs7,SDK setup guide,desktop,4,https://upstash-docs.docs7.io/docs/redis/sdks/ts/getstarted,2026-09-17T10:44:46.204Z,13.4.1,98,281.0028288638138,641.0079208186787,79.50000000000011,0.000402528157040133,1398.2091756101188
Docs7,SDK setup guide,desktop,5,https://upstash-docs.docs7.io/docs/redis/sdks/ts/getstarted,2026-09-17T10:53:45.958Z,13.4.1,96,281.00484546619214,581.0121136654802,167,0.000402528157040133,525.7297283952455
Docs7,SDK setup guide,desktop,6,https://upstash-docs.docs7.io/docs/redis/sdks/ts/getstarted,2026-09-17T10:55:08.060Z,13.4.1,100,281.0024225041041,601.0062985106706,59,0.000402528157040133,506.0348247367839
Docs7,SDK setup guide,desktop,7,https://upstash-docs.docs7.io/docs/redis/sdks/ts/getstarted,2026-09-17T11:02:09.163Z,13.4.1,97,296.0019419487761,521.0053403591344,151.5000000000001,0.000402528157040133,604.9487799687166
Docs7,SDK setup guide,desktop,8,https://upstash-docs.docs7.io/docs/redis/sdks/ts/getstarted,2026-09-17T11:02:49.108Z,13.4.1,95,281.00243972865036,501.0051234301657,181.0000000000001,0.000402528157040133,516.7393321031409
Docs7,SDK setup guide,desktop,9,https://upstash-docs.docs7.io/docs/redis/sdks/ts/getstarted,2026-09-17T11:10:52.423Z,13.4.1,100,281.0024277315494,601.0063121020282,56.999999999999886,0.000402528157040133,514.6454912333263
Docs7,SDK setup guide,desktop,10,https://upstash-docs.docs7.io/docs/redis/sdks/ts/getstarted,2026-09-17T11:12:17.252Z,13.4.1,92,281.0020356447762,541.0046819829852,234.99999999999977,0.000402528157040133,724.6881568022568
Mintlify,SDK setup guide,desktop,1,https://upstash.mintlify.dev/docs/redis/sdks/ts/getstarted,2026-09-17T09:08:07.110Z,13.4.1,96,523.0094384037592,942.0190101437222,147.00000000000023,0.0001466717881634331,1059.05840083834
Mintlify,SDK setup guide,desktop,2,https://upstash.mintlify.dev/docs/redis/sdks/ts/getstarted,2026-09-17T09:08:20.218Z,13.4.1,80,522.5103783962953,1121.5209034835916,400.4979900496553,0.0001466717881634331,1113.9001689396541
Mintlify,SDK setup guide,desktop,3,https://upstash.mintlify.dev/docs/redis/sdks/ts/getstarted,2026-09-17T09:12:34.561Z,13.4.1,90,524.0077877859999,1042.0212193238026,229.5,0.00042228352498654726,1001.5787366826512
Mintlify,SDK setup guide,desktop,4,https://upstash.mintlify.dev/docs/redis/sdks/ts/getstarted,2026-09-17T10:44:46.446Z,13.4.1,91,523.5137050552894,1041.5192591959205,218.0000000000001,0.00042228352498654726,1047.613350290484
Mintlify,SDK setup guide,desktop,5,https://upstash.mintlify.dev/docs/redis/sdks/ts/getstarted,2026-09-17T10:53:40.066Z,13.4.1,94,524.009219447787,1042.0250351601244,169,0.00042228352498654726,1018.1791213540248
Mintlify,SDK setup guide,desktop,6,https://upstash.mintlify.dev/docs/redis/sdks/ts/getstarted,2026-09-17T10:55:08.571Z,13.4.1,87,524.0071460770183,1042.0211860958948,276.4999999999999,0.0002756117368231141,1231.0835180311876
Mintlify,SDK setup guide,desktop,7,https://upstash.mintlify.dev/docs/redis/sdks/ts/getstarted,2026-09-17T11:02:09.401Z,13.4.1,71,527.6133378515146,982.0379808982158,865.0000000000001,0.002731569998415201,1104.16590550431
Mintlify,SDK setup guide,desktop,8,https://upstash.mintlify.dev/docs/redis/sdks/ts/getstarted,2026-09-17T11:03:49.856Z,13.4.1,79,523.0121255617696,1002.020303262671,424.99999999999943,0.0002756117368231141,1093.6557161839519
Mintlify,SDK setup guide,desktop,9,https://upstash.mintlify.dev/docs/redis/sdks/ts/getstarted,2026-09-17T11:10:51.946Z,13.4.1,98,523.0100900898235,742.0145658457195,126.00000000000011,0.0001466717881634331,947.7820557488632
Mintlify,SDK setup guide,desktop,10,https://upstash.mintlify.dev/docs/redis/sdks/ts/getstarted,2026-09-17T11:12:17.277Z,13.4.1,75,540.7045154263726,962.028344161025,571.4974232580884,0.0001466717881634331,1097.8936505958036
Docs7,SDK setup guide,mobile,1,https://upstash-docs.docs7.io/docs/redis/sdks/ts/getstarted,2026-09-17T09:08:03.324Z,13.4.1,91,1201.0019522489924,3301.0065074966415,115.5,0,2513.98465131948
Docs7,SDK setup guide,mobile,2,https://upstash-docs.docs7.io/docs/redis/sdks/ts/getstarted,2026-09-17T09:15:20.986Z,13.4.1,63,3531.002294072269,9719.768372080667,107,0,5799.396346961803
Docs7,SDK setup guide,mobile,3,https://upstash-docs.docs7.io/docs/redis/sdks/ts/getstarted,2026-09-17T09:12:31.174Z,13.4.1,53,3652.0016356840824,9750.247690849921,443.5,0,5453.139858069767
Docs7,SDK setup guide,mobile,4,https://upstash-docs.docs7.io/docs/redis/sdks/ts/getstarted,2026-09-17T10:44:46.118Z,13.4.1,62,3537.0028006868224,9768.606126488692,132,0,5752.474827492495
Docs7,SDK setup guide,mobile,5,https://upstash-docs.docs7.io/docs/redis/sdks/ts/getstarted,2026-09-17T10:53:38.117Z,13.4.1,55,3607.0064849642526,9757.017978718146,380.49999999999955,0,5395.680042324879
Docs7,SDK setup guide,mobile,6,https://upstash-docs.docs7.io/docs/redis/sdks/ts/getstarted,2026-09-17T10:55:08.083Z,13.4.1,93,1201.0014563966715,3226.0047332891827,79.5,0,2100.132636678612
Docs7,SDK setup guide,mobile,7,https://upstash-docs.docs7.io/docs/redis/sdks/ts/getstarted,2026-09-17T11:02:08.648Z,13.4.1,88,1201.0005118504178,3001.001535551253,305.5,0,2333.8397561750185
Docs7,SDK setup guide,mobile,8,https://upstash-docs.docs7.io/docs/redis/sdks/ts/getstarted,2026-09-17T11:03:49.360Z,13.4.1,60,3572.0036763819885,9655.097905288254,226,0,5523.389582198692
Docs7,SDK setup guide,mobile,9,https://upstash-docs.docs7.io/docs/redis/sdks/ts/getstarted,2026-09-17T11:10:53.457Z,13.4.1,46,3626.0046465618148,9132.946951612856,722.5,0,5408.3445310524785
Docs7,SDK setup guide,mobile,10,https://upstash-docs.docs7.io/docs/redis/sdks/ts/getstarted,2026-09-17T11:11:15.858Z,13.4.1,63,3533.002150666433,9585.62040417807,128,0,5561.478998347159
Mintlify,SDK setup guide,mobile,1,https://upstash.mintlify.dev/docs/redis/sdks/ts/getstarted,2026-09-17T09:08:00.933Z,13.4.1,82,2101.0077291759094,3976.015780400816,189.5,0,3426.090223188435
Mintlify,SDK setup guide,mobile,2,https://upstash.mintlify.dev/docs/redis/sdks/ts/getstarted,2026-09-17T09:08:17.121Z,13.4.1,67,2101.508704172011,5326.524299146865,403,0,3339.026000973964
Mintlify,SDK setup guide,mobile,3,https://upstash.mintlify.dev/docs/redis/sdks/ts/getstarted,2026-09-17T09:12:27.031Z,13.4.1,87,2102.0086776456956,3227.0141011742567,193.5,0,3254.592547854582
Mintlify,SDK setup guide,mobile,4,https://upstash.mintlify.dev/docs/redis/sdks/ts/getstarted,2026-09-17T10:44:46.947Z,13.4.1,53,4659.025615260401,14255.143754316985,294,0,6819.374479783323
Mintlify,SDK setup guide,mobile,5,https://upstash.mintlify.dev/docs/redis/sdks/ts/getstarted,2026-09-17T10:53:35.743Z,13.4.1,59,2102.0086653064586,8962.041160205681,426.5,0,5024.85453638965
Mintlify,SDK setup guide,mobile,6,https://upstash.mintlify.dev/docs/redis/sdks/ts/getstarted,2026-09-17T10:55:09.827Z,13.4.1,73,2101.0115561978773,3226.0187788215508,732,0,3038.4523451941127
Mintlify,SDK setup guide,mobile,7,https://upstash.mintlify.dev/docs/redis/sdks/ts/getstarted,2026-09-17T11:02:04.850Z,13.4.1,44,3628.506220729065,10543.552948844468,737.5,0,6467.6781750072405
Mintlify,SDK setup guide,mobile,8,https://upstash.mintlify.dev/docs/redis/sdks/ts/getstarted,2026-09-17T11:03:50.329Z,13.4.1,43,3647.0054984667595,11129.06177560467,782.0000000000018,0,6410.406011769774
Mintlify,SDK setup guide,mobile,9,https://upstash.mintlify.dev/docs/redis/sdks/ts/getstarted,2026-09-17T11:10:44.745Z,13.4.1,52,3618.0075165521134,13304.08216191419,419.5,0,6473.501660751801
Mintlify,SDK setup guide,mobile,10,https://upstash.mintlify.dev/docs/redis/sdks/ts/getstarted,2026-09-17T11:11:16.403Z,13.4.1,56,2102.0173613159764,7898.071615428399,571.5000000000027,0,4851.2567619602105
Docs7,Expandable API fields,desktop,1,https://upstash-docs.docs7.io/docs/redis/sdks/ts/commands/string/set,2026-09-17T09:00:22.314Z,13.4.1,100,281.0011458264122,641.0032083139542,22,0.000402528157040133,807.2422422891811
Docs7,Expandable API fields,desktop,2,https://upstash-docs.docs7.io/docs/redis/sdks/ts/commands/string/set,2026-09-17T09:15:21.275Z,13.4.1,98,281.0011442136406,641.0032037981937,113.5,0.000402528157040133,613.0533728631448
Docs7,Expandable API fields,desktop,3,https://upstash-docs.docs7.io/docs/redis/sdks/ts/commands/string/set,2026-09-17T09:04:27.127Z,13.4.1,99,281.00393332820636,541.0090466548746,114,0.000402528157040133,488.6714821239257
Docs7,Expandable API fields,desktop,4,https://upstash-docs.docs7.io/docs/redis/sdks/ts/commands/string/set,2026-09-17T10:46:19.296Z,13.4.1,94,281.00153640387623,601.0039946500782,195.49631263069705,0.000402528157040133,547.9710396593872
Docs7,Expandable API fields,desktop,5,https://upstash-docs.docs7.io/docs/redis/sdks/ts/commands/string/set,2026-09-17T10:52:07.480Z,13.4.1,93,281,541,215.5000000000001,0.000402528157040133,530.7058314327244
Docs7,Expandable API fields,desktop,6,https://upstash-docs.docs7.io/docs/redis/sdks/ts/commands/string/set,2026-09-17T10:56:29.096Z,13.4.1,100,281.00154545129476,641.0043272636253,40.5,0.000402528157040133,680.4663205209138
Docs7,Expandable API fields,desktop,7,https://upstash-docs.docs7.io/docs/redis/sdks/ts/commands/string/set,2026-09-17T11:00:32.579Z,13.4.1,74,296.0012200232245,764.5018300348368,649.5,0.000402528157040133,997.8085836386961
Docs7,Expandable API fields,desktop,8,https://upstash-docs.docs7.io/docs/redis/sdks/ts/commands/string/set,2026-09-17T11:04:53.029Z,13.4.1,99,281.0003681676181,521.0008099687598,102.99999999999989,0.000402528157040133,702.5655412749601
Docs7,Expandable API fields,desktop,9,https://upstash-docs.docs7.io/docs/redis/sdks/ts/commands/string/set,2026-09-17T11:09:05.967Z,13.4.1,100,281.0039138135546,441.0070448643983,36.5,0.000402528157040133,538.4919871170455
Docs7,Expandable API fields,desktop,10,https://upstash-docs.docs7.io/docs/redis/sdks/ts/commands/string/set,2026-09-17T11:13:38.595Z,13.4.1,83,281.00192710310296,681.0057813093088,382.49999999999955,0.000402528157040133,672.8755593658227
Mintlify,Expandable API fields,desktop,1,https://upstash.mintlify.dev/docs/redis/sdks/ts/commands/string/set,2026-09-17T09:00:31.729Z,13.4.1,97,522.012302799005,701.0225827980639,138.49999999999977,0.0001466717881634331,973.6599252142926
Mintlify,Expandable API fields,desktop,2,https://upstash.mintlify.dev/docs/redis/sdks/ts/commands/string/set,2026-09-17T09:00:37.693Z,13.4.1,78,523.0094322520224,1022.0159505348215,474.49864250767416,0.0002756117368231141,1026.6313067279173
Mintlify,Expandable API fields,desktop,3,https://upstash.mintlify.dev/docs/redis/sdks/ts/commands/string/set,2026-09-17T09:04:30.646Z,13.4.1,97,719.0037813592013,1181.0207974756077,0,0,776.5901727668818
Mintlify,Expandable API fields,desktop,4,https://upstash.mintlify.dev/docs/redis/sdks/ts/commands/string/set,2026-09-17T10:46:22.798Z,13.4.1,90,524.0075129328515,1142.0324773841753,221.00000000000045,0.0002756117368231141,983.3158829363404
Mintlify,Expandable API fields,desktop,5,https://upstash.mintlify.dev/docs/redis/sdks/ts/commands/string/set,2026-09-17T10:52:09.771Z,13.4.1,91,523.0124906390938,1022.0287522824899,210.99999999999977,0.0002756117368231141,1033.0236126519762
Mintlify,Expandable API fields,desktop,6,https://upstash.mintlify.dev/docs/redis/sdks/ts/commands/string/set,2026-09-17T10:56:30.689Z,13.4.1,72,523.0143839411759,982.0255723360667,759.9965903551918,0.0001466717881634331,1213.0626244170135
Mintlify,Expandable API fields,desktop,7,https://upstash.mintlify.dev/docs/redis/sdks/ts/commands/string/set,2026-09-17T11:00:39.975Z,13.4.1,82,524.0092204896606,1062.020514646841,351.9999999999993,0.0001466717881634331,1224.2274609720246
Mintlify,Expandable API fields,desktop,8,https://upstash.mintlify.dev/docs/redis/sdks/ts/commands/string/set,2026-09-17T11:05:00.791Z,13.4.1,94,523.0043586062494,1182.014560744621,148.00000000000023,0.0001466717881634331,1067.6562730632486
Mintlify,Expandable API fields,desktop,9,https://upstash.mintlify.dev/docs/redis/sdks/ts/commands/string/set,2026-09-17T11:09:06.799Z,13.4.1,74,522.0077969221677,1061.0166843526727,564.9999999999986,0.0001466717881634331,1266.1762837853043
Mintlify,Expandable API fields,desktop,10,https://upstash.mintlify.dev/docs/redis/sdks/ts/commands/string/set,2026-09-17T11:13:39.900Z,13.4.1,76,524.0070053592848,1062.012847973173,495.5000000000015,0.0001466717881634331,1248.2524192263138
Docs7,Expandable API fields,mobile,1,https://upstash-docs.docs7.io/docs/redis/sdks/ts/commands/string/set,2026-09-17T09:00:14.913Z,13.4.1,82,1201.0027722096297,2551.006930524074,567.9999999999995,0,2091.042871600935
Docs7,Expandable API fields,mobile,2,https://upstash-docs.docs7.io/docs/redis/sdks/ts/commands/string/set,2026-09-17T09:00:37.242Z,13.4.1,67,3419.0053554585074,5626.027792189036,111.5,0,5664.705936115536
Docs7,Expandable API fields,mobile,3,https://upstash-docs.docs7.io/docs/redis/sdks/ts/commands/string/set,2026-09-17T09:04:18.833Z,13.4.1,93,1201.0018545253797,3151.0058726637035,83.5,0,2363.8481179855617
Docs7,Expandable API fields,mobile,4,https://upstash-docs.docs7.io/docs/redis/sdks/ts/commands/string/set,2026-09-17T10:46:12.962Z,13.4.1,67,2935.0034438678454,9219.94727015327,162,0,3896.0904441505845
Docs7,Expandable API fields,mobile,5,https://upstash-docs.docs7.io/docs/redis/sdks/ts/commands/string/set,2026-09-17T10:52:01.916Z,13.4.1,94,1201.0023121598833,2326.0052023597373,221.5,0,2161.8510272081785
Docs7,Expandable API fields,mobile,6,https://upstash-docs.docs7.io/docs/redis/sdks/ts/commands/string/set,2026-09-17T10:56:18.567Z,13.4.1,95,1201.003275293603,2851.0092799985414,102.49999999999955,0,1789.729746464114
Docs7,Expandable API fields,mobile,7,https://upstash-docs.docs7.io/docs/redis/sdks/ts/commands/string/set,2026-09-17T11:00:26.309Z,13.4.1,58,3437.0053243552406,9533.956456726224,296,0,5290.8543682185755
Docs7,Expandable API fields,mobile,8,https://upstash-docs.docs7.io/docs/redis/sdks/ts/commands/string/set,2026-09-17T11:04:45.315Z,13.4.1,88,1201.0018436435466,3076.0056845676027,289.5,0,1709.3972244068646
Docs7,Expandable API fields,mobile,9,https://upstash-docs.docs7.io/docs/redis/sdks/ts/commands/string/set,2026-09-17T11:09:02.587Z,13.4.1,96,1201.5037702079903,2401.508797151978,130.5,0,2189.734408560036
Docs7,Expandable API fields,mobile,10,https://upstash-docs.docs7.io/docs/redis/sdks/ts/commands/string/set,2026-09-17T11:13:33.363Z,13.4.1,56,3458.002309959553,9483.48156490111,347,0,5493.3516339623475
Mintlify,Expandable API fields,mobile,1,https://upstash.mintlify.dev/docs/redis/sdks/ts/commands/string/set,2026-09-17T09:00:19.669Z,13.4.1,47,2102.0118497172357,9463.55677989509,850.5,0,6694.892438033554
Mintlify,Expandable API fields,mobile,2,https://upstash.mintlify.dev/docs/redis/sdks/ts/commands/string/set,2026-09-17T09:15:52.200Z,13.4.1,46,3589.507513619424,13765.05392711629,612.5,0,6816.033941832742
Mintlify,Expandable API fields,mobile,3,https://upstash.mintlify.dev/docs/redis/sdks/ts/commands/string/set,2026-09-17T09:04:24.306Z,13.4.1,60,3178.003370951449,7426.032024038766,0,0,17006.59195640273
Mintlify,Expandable API fields,mobile,4,https://upstash.mintlify.dev/docs/redis/sdks/ts/commands/string/set,2026-09-17T10:46:16.178Z,13.4.1,63,2102.0035153126832,5477.010106523967,514,0,3917.3076616583517
Mintlify,Expandable API fields,mobile,5,https://upstash.mintlify.dev/docs/redis/sdks/ts/commands/string/set,2026-09-17T10:52:06.939Z,13.4.1,44,3692.0071686943,11079.08388748246,739.5,0,6814.271468703724
Mintlify,Expandable API fields,mobile,6,https://upstash.mintlify.dev/docs/redis/sdks/ts/commands/string/set,2026-09-17T10:56:22.352Z,13.4.1,46,3626.0030152463933,12452.048846991573,642.5,0,6720.206629486762
Mintlify,Expandable API fields,mobile,7,https://upstash.mintlify.dev/docs/redis/sdks/ts/commands/string/set,2026-09-17T11:00:27.547Z,13.4.1,52,2103.0109508875203,8061.046997558937,706,0,5364.732779455201
Mintlify,Expandable API fields,mobile,8,https://upstash.mintlify.dev/docs/redis/sdks/ts/commands/string/set,2026-09-17T11:04:51.281Z,13.4.1,45,2101.5099112328294,9613.047904292012,980.5,0,6451.389105826316
Mintlify,Expandable API fields,mobile,9,https://upstash.mintlify.dev/docs/redis/sdks/ts/commands/string/set,2026-09-17T11:09:04.364Z,13.4.1,52,4808.029896330304,14722.90385378969,335,0,7147.722643569974
Mintlify,Expandable API fields,mobile,10,https://upstash.mintlify.dev/docs/redis/sdks/ts/commands/string/set,2026-09-17T11:13:37.637Z,13.4.1,44,3663.0056013252397,14738.742686667598,710,0,6608.234205199982
Docs7,Video and component catalog,desktop,1,https://upstash-docs.docs7.io/docs/workflow/getstarted,2026-09-17T08:58:38.838Z,13.4.1,83,566.0019619790144,701.0005650525882,368.15920411983143,0.000402528157040133,1107.6364441707374
Docs7,Video and component catalog,desktop,2,https://upstash-docs.docs7.io/docs/workflow/getstarted,2026-09-17T09:02:04.182Z,13.4.1,78,297.0006427024178,812.0023137287037,483.99993572975836,0.000402528157040133,1149.3323854947166
Docs7,Video and component catalog,desktop,3,https://upstash-docs.docs7.io/docs/workflow/getstarted,2026-09-17T09:16:05.828Z,13.4.1,90,566.0044368179239,641.0051448180466,256.49963251299687,0.000402528157040133,977.3110596660567
Docs7,Video and component catalog,desktop,4,https://upstash-docs.docs7.io/docs/workflow/getstarted,2026-09-17T10:48:46.969Z,13.4.1,70,565.0027679244539,921.0045887858358,937.0000000000002,0.000402528157040133,1270.7688517161437
Docs7,Video and component catalog,desktop,5,https://upstash-docs.docs7.io/docs/workflow/getstarted,2026-09-17T10:50:31.960Z,13.4.1,77,564.504384134167,801,504.99956158658347,0.000402528157040133,1207.0951158389337
Docs7,Video and component catalog,desktop,6,https://upstash-docs.docs7.io/docs/workflow/getstarted,2026-09-17T10:57:50.260Z,13.4.1,78,564.0026879394638,761.0021528269351,501.9998733631212,0.000402528157040133,1085.6597620233351
Docs7,Video and component catalog,desktop,7,https://upstash-docs.docs7.io/docs/workflow/getstarted,2026-09-17T10:59:00.955Z,13.4.1,85,941.0031431699848,1161.0099218786509,276.9996325230127,0.000402528157040133,1232.3464809951352
Docs7,Video and component catalog,desktop,8,https://upstash-docs.docs7.io/docs/workflow/getstarted,2026-09-17T11:06:14.986Z,13.4.1,89,288.00143600762374,641.0040208213466,268.99992214577696,0.000402528157040133,1090.2732478115636
Docs7,Video and component catalog,desktop,9,https://upstash-docs.docs7.io/docs/workflow/getstarted,2026-09-17T11:07:01.370Z,13.4.1,74,563.0035237907065,801.0037260175116,613.999751121416,0.000402528157040133,1206.775072137423
Docs7,Video and component catalog,desktop,10,https://upstash-docs.docs7.io/docs/workflow/getstarted,2026-09-17T11:15:00.787Z,13.4.1,76,615.0035444375678,781.0052292141463,538.4998505938815,0.000402528157040133,1289.492567528191
Mintlify,Video and component catalog,desktop,1,https://upstash.mintlify.dev/docs/workflow/getstarted,2026-09-17T08:58:19.174Z,13.4.1,65,523.0123015296423,1082.0213386044693,785.5000000000018,0.0001466717881634331,2825.998823015637
Mintlify,Video and component catalog,desktop,2,https://upstash.mintlify.dev/docs/workflow/getstarted,2026-09-17T09:02:15.036Z,13.4.1,64,522.0065861141244,1101.0197143964344,832.9878859155929,0.0001466717881634331,2685.875557215903
Mintlify,Video and component catalog,desktop,3,https://upstash.mintlify.dev/docs/workflow/getstarted,2026-09-17T09:16:06.207Z,13.4.1,65,524.0148919683903,1082.0226809201356,761.9999999999991,0.0001466717881634331,2755.006675104878
Mintlify,Video and component catalog,desktop,4,https://upstash.mintlify.dev/docs/workflow/getstarted,2026-09-17T10:48:46.204Z,13.4.1,64,523.011547216274,1142.0204561758724,791.0000000000014,0.0001466717881634331,2815.4804057530782
Mintlify,Video and component catalog,desktop,5,https://upstash.mintlify.dev/docs/workflow/getstarted,2026-09-17T10:50:31.977Z,13.4.1,71,539.2378699857554,1161.0251864957595,497.4999999999991,0.0001466717881634331,2428.77677860282
Mintlify,Video and component catalog,desktop,6,https://upstash.mintlify.dev/docs/workflow/getstarted,2026-09-17T10:57:50.415Z,13.4.1,67,536.8201303221747,1102.0138566765363,661.5000000000007,0.0002756117368231141,2629.6751165084397
Mintlify,Video and component catalog,desktop,7,https://upstash.mintlify.dev/docs/workflow/getstarted,2026-09-17T10:59:00.887Z,13.4.1,74,523.0075253835513,1142.01656730681,429,0.0002756117368231141,2193.740723589
Mintlify,Video and component catalog,desktop,8,https://upstash.mintlify.dev/docs/workflow/getstarted,2026-09-17T11:06:15.084Z,13.4.1,70,528.7902527732355,1122.0182920932434,546.4999999999986,0.0002756117368231141,2477.7336820079336
Mintlify,Video and component catalog,desktop,9,https://upstash.mintlify.dev/docs/workflow/getstarted,2026-09-17T11:08:01.855Z,13.4.1,66,536.7042006266172,1102.0275641853286,701.5,0.0002756117368231141,2658.5511131440426
Mintlify,Video and component catalog,desktop,10,https://upstash.mintlify.dev/docs/workflow/getstarted,2026-09-17T11:14:59.730Z,13.4.1,73,523.009852767963,1002.0146232539598,453.5,0.0001466717881634331,2443.0847743047266
Docs7,Video and component catalog,mobile,1,https://upstash-docs.docs7.io/docs/workflow/getstarted,2026-09-17T08:58:18.627Z,13.4.1,49,8732.025886191763,16454.27729898246,353,0,8732.025886191763
Docs7,Video and component catalog,mobile,2,https://upstash-docs.docs7.io/docs/workflow/getstarted,2026-09-17T09:02:00.792Z,13.4.1,74,2104.502067208611,3826.0027077254636,401.5,0,4615.547299975214
Docs7,Video and component catalog,mobile,3,https://upstash-docs.docs7.io/docs/workflow/getstarted,2026-09-17T09:15:57.170Z,13.4.1,52,8644.011441519402,16026.809874375118,240,0,8644.011441519402
Docs7,Video and component catalog,mobile,4,https://upstash-docs.docs7.io/docs/workflow/getstarted,2026-09-17T10:48:44.150Z,13.4.1,71,2701,4051,402,0,4331.919641363719
Docs7,Video and component catalog,mobile,5,https://upstash-docs.docs7.io/docs/workflow/getstarted,2026-09-17T10:50:31.411Z,13.4.1,50,8682.51563748333,16331.249492843315,300,0,8682.51563748333
Docs7,Video and component catalog,mobile,6,https://upstash-docs.docs7.io/docs/workflow/getstarted,2026-09-17T10:57:46.644Z,13.4.1,81,1351.0006948733705,2926.0017371834256,482,0,3990.3548472621337
Docs7,Video and component catalog,mobile,7,https://upstash-docs.docs7.io/docs/workflow/getstarted,2026-09-17T10:59:01.208Z,13.4.1,79,1351.0002433870775,3151.000660622067,489,0,4186.7710636072325
Docs7,Video and component catalog,mobile,8,https://upstash-docs.docs7.io/docs/workflow/getstarted,2026-09-17T11:06:14.714Z,13.4.1,73,2104.001614374959,3451,557.5,0,4085.729476724132
Docs7,Video and component catalog,mobile,9,https://upstash-docs.docs7.io/docs/workflow/getstarted,2026-09-17T11:08:02.875Z,13.4.1,54,8662.501189880482,16027.062027798813,182,0,8662.501189880482
Docs7,Video and component catalog,mobile,10,https://upstash-docs.docs7.io/docs/workflow/getstarted,2026-09-17T11:14:59.300Z,13.4.1,58,2701.0020273300424,4351.003421119446,875.5,0,4313.398729614183
Mintlify,Video and component catalog,mobile,1,https://upstash.mintlify.dev/docs/workflow/getstarted,2026-09-17T08:58:19.219Z,13.4.1,34,4506.032816074867,12410.129454063841,1200.0000000000018,0,9648.26990056134
Mintlify,Video and component catalog,mobile,2,https://upstash.mintlify.dev/docs/workflow/getstarted,2026-09-17T09:02:02.609Z,13.4.1,52,6057.023000539763,12982.067432948674,296.5,0,7037.687525908545
Mintlify,Video and component catalog,mobile,3,https://upstash.mintlify.dev/docs/workflow/getstarted,2026-09-17T09:15:52.026Z,13.4.1,75,2102.007632359553,3302.0127205992553,363,0,6886.136712520014
Mintlify,Video and component catalog,mobile,4,https://upstash.mintlify.dev/docs/workflow/getstarted,2026-09-17T10:48:41.993Z,13.4.1,44,9337.01391581223,20803.523798622005,488,0,9337.01391581223
Mintlify,Video and component catalog,mobile,5,https://upstash.mintlify.dev/docs/workflow/getstarted,2026-09-17T10:50:31.546Z,13.4.1,51,9262.044247278092,21130.73324365176,277,0,9262.044247278092
Mintlify,Video and component catalog,mobile,6,https://upstash.mintlify.dev/docs/workflow/getstarted,2026-09-17T10:58:40.734Z,13.4.1,40,9256.035109118468,19359.95966455611,674.4999999999982,0,9256.035109118468
Mintlify,Video and component catalog,mobile,7,https://upstash.mintlify.dev/docs/workflow/getstarted,2026-09-17T10:59:01.425Z,13.4.1,48,2102.008299815153,5402.0235161429355,979,0,8260.804942911649
Mintlify,Video and component catalog,mobile,8,https://upstash.mintlify.dev/docs/workflow/getstarted,2026-09-17T11:06:13.929Z,13.4.1,66,2102.0058508519214,5402.016577413779,267.5085091175788,0,6886.04753166601
Mintlify,Video and component catalog,mobile,9,https://upstash.mintlify.dev/docs/workflow/getstarted,2026-09-17T11:07:00.566Z,13.4.1,52,5137.013989677737,12842.058177931665,307.01848539924504,0,7357.691264083705
Mintlify,Video and component catalog,mobile,10,https://upstash.mintlify.dev/docs/workflow/getstarted,2026-09-17T11:14:58.190Z,13.4.1,49,9154.036865189722,20177.099142490726,314,0,9154.036865189722
